Workbook
Name Camkapama: #REF!
Name Camkapama: #REF!
Name Camkapama: #REF!
Name Camkapama: #REF!
Name Camkapama: #REF!
Name Camkapama: #REF!
Name Camkapama: #REF!
Name Camkapama: #REF!
Name Camkapama: #REF!
Name Camkapama: #REF!
Name Camkapama: #REF!
Name Camkapama: #REF!
Name Camkapama: #REF!
Name Camkapama: #REF!
Name Camkapama: #REF!
Name Camkapama: #REF!
Name Camkapama: #REF!
Name Camkapama: #REF!
Name Camkapama: #REF!
Name Camkapama: #REF!
Name Camkapama: #REF!
Name Camkapama: #REF!
Name Camkapama: #REF!
Name Camkapama: #REF!
Name Camkapama: #REF!
Name Camkapama: #REF!
Name Camkapama: #REF!
Name Camkapama: #REF!
Name Camkapama: #REF!
Name Camkapama: #REF!
Name Camkapama: #REF!
Name Excel_BuiltIn_Print_Area_1_1: #REF!
Name Excel_BuiltIn_Print_Area_1_1: #REF!
Name Excel_BuiltIn_Print_Area_1_1: #REF!
Name Excel_BuiltIn_Print_Area_1_1: #REF!
Name Excel_BuiltIn_Print_Area_1_1: #REF!
Name Excel_BuiltIn_Print_Area_1_1: #REF!
Name Excel_BuiltIn_Print_Area_1_1: #REF!
Name Excel_BuiltIn_Print_Area_1_1: #REF!
Name Excel_BuiltIn_Print_Area_1_1: #REF!
Name Excel_BuiltIn_Print_Area_1_1: #REF!
Name Excel_BuiltIn_Print_Area_1_1: #REF!
Name Excel_BuiltIn_Print_Area_1_1: #REF!
Name Excel_BuiltIn_Print_Area_1_1: #REF!
Name Excel_BuiltIn_Print_Area_1_1: #REF!
Name Excel_BuiltIn_Print_Area_1_1: #REF!
Name Excel_BuiltIn_Print_Area_1_1: #REF!
Name Excel_BuiltIn_Print_Area_1_1: #REF!
Name Excel_BuiltIn_Print_Area_1_1: #REF!
Name Excel_BuiltIn_Print_Area_1_1: #REF!
Name Excel_BuiltIn_Print_Area_1_1: #REF!
Name Excel_BuiltIn_Print_Area_1_1: #REF!
Name Excel_BuiltIn_Print_Area_1_1: #REF!
Name Excel_BuiltIn_Print_Area_1_1: #REF!
Name Excel_BuiltIn_Print_Area_1_1: #REF!
Name Excel_BuiltIn_Print_Area_1_1: #REF!
Name Excel_BuiltIn_Print_Area_1_1: #REF!
Name Excel_BuiltIn_Print_Area_1_1: #REF!
Name Excel_BuiltIn_Print_Area_1_1: #REF!
Name Excel_BuiltIn_Print_Area_1_1: #REF!

Sheet R.H.
A1: Ürün Kodu | B1: Ürün Tanımı | C1: Planlanan Hurda Oranı | E1: Açıklama
A2: 150060073 | B2: =VLOOKUP(A2,SÜRELER!A:B,2,0) -> #N/A | C2: 10 | F2: 1500600 | G2: =CONCATENATE($F$2,A2,) -> 1500600150060073
A3: 150060074 | B3: =VLOOKUP(A3,SÜRELER!A:B,2,0) -> #N/A | C3: 10 | G3: =CONCATENATE($F$2,A3,) -> 1500600150060074
A4: 150060075 | B4: =VLOOKUP(A4,SÜRELER!A:B,2,0) -> #N/A | C4: 10 | G4: =CONCATENATE($F$2,A4,) -> 1500600150060075
A5: 150060076 | B5: =VLOOKUP(A5,SÜRELER!A:B,2,0) -> #N/A | C5: 10 | G5: =CONCATENATE($F$2,A5,) -> 1500600150060076
A6: 150060077 | B6: =VLOOKUP(A6,SÜRELER!A:B,2,0) -> #N/A | C6: 10 | G6: =CONCATENATE($F$2,A6,) -> 1500600150060077
A7: 150060078 | B7: =VLOOKUP(A7,SÜRELER!A:B,2,0) -> #N/A | C7: 10 | G7: =CONCATENATE($F$2,A7,) -> 1500600150060078
A8: 150060079 | B8: =VLOOKUP(A8,SÜRELER!A:B,2,0) -> #N/A | C8: 10 | G8: =CONCATENATE($F$2,A8,) -> 1500600150060079
A9: 150060080 | B9: =VLOOKUP(A9,SÜRELER!A:B,2,0) -> #N/A | C9: 10 | G9: =CONCATENATE($F$2,A9,) -> 1500600150060080
A10: 150060081 | B10: =VLOOKUP(A10,SÜRELER!A:B,2,0) -> #N/A | C10: 10 | G10: =CONCATENATE($F$2,A10,) -> 1500600150060081
A11: 150060082 | B11: =VLOOKUP(A11,SÜRELER!A:B,2,0) -> #N/A | C11: 10 | G11: =CONCATENATE($F$2,A11,) -> 1500600150060082
A12: 150060083 | B12: =VLOOKUP(A12,SÜRELER!A:B,2,0) -> #N/A | C12: 10 | G12: =CONCATENATE($F$2,A12,) -> 1500600150060083
A13: 150060084 | B13: =VLOOKUP(A13,SÜRELER!A:B,2,0) -> #N/A | C13: 10 | G13: =CONCATENATE($F$2,A13,) -> 1500600150060084
A14: 150060085 | B14: =VLOOKUP(A14,SÜRELER!A:B,2,0) -> #N/A | C14: 10 | G14: =CONCATENATE($F$2,A14,) -> 1500600150060085
... A22: 150060093 | B22: =VLOOKUP(A22,SÜRELER!A:B,2,0) -> #N/A | C22: 10 | G22: =CONCATENATE($F$2,A22,) -> 1500600150060093
A23: 150060140 | B23: =VLOOKUP(A23,SÜRELER!A:B,2,0) -> #N/A | C23: 10 | F23: 150060 | G23: =CONCATENATE($F$23,A23,) -> 150060150060140
A24: 150060150 | B24: =VLOOKUP(A24,SÜRELER!A:B,2,0) -> #N/A | C24: 10 | G24: =CONCATENATE($F$23,A24,) -> 150060150060150
A25: 150060162 | B25: =VLOOKUP(A25,SÜRELER!A:B,2,0) -> #N/A | C25: 10 | G25: =CONCATENATE($F$23,A25,) -> 150060150060162
A26: 150060163 | B26: =VLOOKUP(A26,SÜRELER!A:B,2,0) -> #N/A | C26: 8 | G26: =CONCATENATE($F$23,A26,) -> 150060150060163
A27: 150060166 | B27: =VLOOKUP(A27,SÜRELER!A:B,2,0) -> #N/A | C27: 8 | G27: =CONCATENATE($F$23,A27,) -> 150060150060166
A28: 150060170 | B28: =VLOOKUP(A28,SÜRELER!A:B,2,0) -> #N/A | C28: 8 | G28: =CONCATENATE($F$23,A28,) -> 150060150060170
A29: 150060175 | B29: =VLOOKUP(A29,SÜRELER!A:B,2,0) -> #N/A | C29: 10 | G29: =CONCATENATE($F$23,A29,) -> 150060150060175
A30: 150160175 | B30: =VLOOKUP(A30,SÜRELER!A:B,2,0) -> #N/A | C30: 0 | G30: =CONCATENATE($F$23,A30,) -> 150060150160175
A31: 150060176 | B31: =VLOOKUP(A31,SÜRELER!A:B,2,0) -> #N/A | C31: 10 | G31: =CONCATENATE($F$23,A31,) -> 150060150060176
A32: 150060200 | B32: =VLOOKUP(A32,SÜRELER!A:B,2,0) -> #N/A | C32: 10 | G32: =CONCATENATE($F$23,A32,) -> 150060150060200
A33: 150060201 | B33: =VLOOKUP(A33,SÜRELER!A:B,2,0) -> #N/A | C33: 10 | G33: =CONCATENATE($F$23,A33,) -> 150060150060201
A34: 150060202 | B34: =VLOOKUP(A34,SÜRELER!A:B,2,0) -> #N/A | C34: 10 | G34: =CONCATENATE($F$23,A34,) -> 150060150060202
A35: 150060203 | B35: =VLOOKUP(A35,SÜRELER!A:B,2,0) -> #N/A | C35: 10 | G35: =CONCATENATE($F$23,A35,) -> 150060150060203
A36: 150060204 | B36: =VLOOKUP(A36,SÜRELER!A:B,2,0) -> #N/A | C36: 10 | G36: =CONCATENATE($F$23,A36,) -> 150060150060204
A37: 150060205 | B37: =VLOOKUP(A37,SÜRELER!A:B,2,0) -> #N/A | C37: 10 | G37: =CONCATENATE($F$23,A37,) -> 150060150060205
A38: 150060206 | B38: =VLOOKUP(A38,SÜRELER!A:B,2,0) -> #N/A | C38: 10 | G38: =CONCATENATE($F$23,A38,) -> 150060150060206
A39: 150060246 | B39: =VLOOKUP(A39,SÜRELER!A:B,2,0) -> #N/A | C39: 10 | G39: =CONCATENATE($F$23,A39,) -> 150060150060246
A40: 150060247 | B40: =VLOOKUP(A40,SÜRELER!A:B,2,0) -> #N/A | C40: 10 | G40: =CONCATENATE($F$23,A40,) -> 150060150060247
A41: 150060248 | B41: =VLOOKUP(A41,SÜRELER!A:B,2,0) -> #N/A | C41: 10 | G41: =CONCATENATE($F$23,A41,) -> 150060150060248
A42: 150060249 | B42: =VLOOKUP(A42,SÜRELER!A:B,2,0) -> #N/A | C42: 10 | G42: =CONCATENATE($F$23,A42,) -> 150060150060249
A43: 150060250 | B43: =VLOOKUP(A43,SÜRELER!A:B,2,0) -> #N/A | C43: 10 | E43: TEZGAH KAYNAKLI HATA | G43: =CONCATENATE($F$23,A43,) -> 150060150060250
A44: 150060251 | B44: =VLOOKUP(A44,SÜRELER!A:B,2,0) -> #N/A | C44: 10 | G44: =CONCATENATE($F$23,A44,) -> 150060150060251
A45: 150060252 | B45: =VLOOKUP(A45,SÜRELER!A:B,2,0) -> #N/A | C45: 10 | G45: =CONCATENATE($F$23,A45,) -> 150060150060252
A46: 150060253 | B46: =VLOOKUP(A46,SÜRELER!A:B,2,0) -> #N/A | C46: 10 | G46: =CONCATENATE($F$23,A46,) -> 150060150060253
A47: 150060254 | B47: =VLOOKUP(A47,SÜRELER!A:B,2,0) -> #N/A | C47: 10 | G47: =CONCATENATE($F$23,A47,) -> 150060150060254
A48: 150060255 | B48: =VLOOKUP(A48,SÜRELER!A:B,2,0) -> #N/A | C48: 10 | G48: =CONCATENATE($F$23,A48,) -> 150060150060255
A49: 150060260 | B49: =VLOOKUP(A49,SÜRELER!A:B,2,0) -> #N/A | C49: 10 | E49: TEZGAH KAYNAKLI HATA | G49: =CONCATENATE($F$23,A49,) -> 150060150060260
A50: 150060265 | B50: =VLOOKUP(A50,SÜRELER!A:B,2,0) -> #N/A | C50: 10 | G50: =CONCATENATE($F$23,A50,) -> 150060150060265
A51: 150060281 | B51: =VLOOKUP(A51,SÜRELER!A:B,2,0) -> #N/A | C51: 5 | G51: =CONCATENATE($F$23,A51,) -> 150060150060281
A52: 150060282 | B52: =VLOOKUP(A52,SÜRELER!A:B,2,0) -> #N/A | C52: 5 | G52: =CONCATENATE($F$23,A52,) -> 150060150060282
A53: 150060283 | B53: =VLOOKUP(A53,SÜRELER!A:B,2,0) -> #N/A | C53: 5 | G53: =CONCATENATE($F$23,A53,) -> 150060150060283
A54: 150060284 | B54: =VLOOKUP(A54,SÜRELER!A:B,2,0) -> #N/A | C54: 5 | G54: =CONCATENATE($F$23,A54,) -> 150060150060284
A55: 150060285 | B55: =VLOOKUP(A55,SÜRELER!A:B,2,0) -> #N/A | C55: 5 | G55: =CONCATENATE($F$23,A55,) -> 150060150060285
A56: 150060286 | B56: =VLOOKUP(A56,SÜRELER!A:B,2,0) -> #N/A | C56: 5 | G56: =CONCATENATE($F$23,A56,) -> 150060150060286
A57: 150060287 | B57: =VLOOKUP(A57,SÜRELER!A:B,2,0) -> #N/A | C57: 5 | G57: =CONCATENATE($F$23,A57,) -> 150060150060287
A58: 150060288 | B58: =VLOOKUP(A58,SÜRELER!A:B,2,0) -> #N/A | C58: 5 | G58: =CONCATENATE($F$23,A58,) -> 150060150060288
A59: 150060289 | B59: =VLOOKUP(A59,SÜRELER!A:B,2,0) -> #N/A | C59: 5 | G59: =CONCATENATE($F$23,A59,) -> 150060150060289
A60: 150060290 | B60: =VLOOKUP(A60,SÜRELER!A:B,2,0) -> #N/A | C60: 5 | G60: =CONCATENATE($F$23,A60,) -> 150060150060290
A61: 150060291 | B61: =VLOOKUP(A61,SÜRELER!A:B,2,0) -> #N/A | C61: 5 | G61: =CONCATENATE($F$23,A61,) -> 150060150060291
... A98: 150060343 | B98: =VLOOKUP(A98,SÜRELER!A:B,2,0) -> #N/A | C98: 5 | G98: =CONCATENATE($F$23,A98,) -> 150060150060343
A99: 150060344 | B99: =VLOOKUP(A99,SÜRELER!A:B,2,0) -> #N/A | C99: 5 | E99: Kırık/Granül malzeme kullnıldığından gelen malzemenin durumuna bağlı hurda oranları çok değişken ortalama bir rakam belirledim | G99: =CONCATENATE($F$23,A99,) -> 150060150060344
A100: 150060345 | B100: =VLOOKUP(A100,SÜRELER!A:B,2,0) -> #N/A | C100: 5 | G100: =CONCATENATE($F$23,A100,) -> 150060150060345
A101: 150060350 | B101: =VLOOKUP(A101,SÜRELER!A:B,2,0) -> #N/A | C101: 10 | G101: =CONCATENATE($F$23,A101,) -> 150060150060350
A102: 150060351 | B102: =VLOOKUP(A102,SÜRELER!A:B,2,0) -> #N/A | C102: 10 | G102: =CONCATENATE($F$23,A102,) -> 150060150060351
A103: 150060352 | B103: =VLOOKUP(A103,SÜRELER!A:B,2,0) -> #N/A | C103: 10 | G103: =CONCATENATE($F$23,A103,) -> 150060150060352
A104: 150060353 | B104: =VLOOKUP(A104,SÜRELER!A:B,2,0) -> #N/A | C104: 10 | G104: =CONCATENATE($F$23,A104,) -> 150060150060353
A105: 150060360 | B105: =VLOOKUP(A105,SÜRELER!A:B,2,0) -> #N/A | C105: 10 | G105: =CONCATENATE($F$23,A105,) -> 150060150060360
A106: 150060361 | B106: =VLOOKUP(A106,SÜRELER!A:B,2,0) -> #N/A | C106: 10 | G106: =CONCATENATE($F$23,A106,) -> 150060150060361
A107: 150060364 | B107: =VLOOKUP(A107,SÜRELER!A:B,2,0) -> #N/A | C107: 10 | G107: =CONCATENATE($F$23,A107,) -> 150060150060364
A108: 150060365 | B108: =VLOOKUP(A108,SÜRELER!A:B,2,0) -> #N/A | C108: 10 | G108: =CONCATENATE($F$23,A108,) -> 150060150060365
A109: 150060366 | B109: =VLOOKUP(A109,SÜRELER!A:B,2,0) -> #N/A | C109: 10 | E109: Bat 4000 arızası kaynaklı son dönem hata | G109: =CONCATENATE($F$23,A109,) -> 150060150060366
A110: 150060367 | B110: =VLOOKUP(A110,SÜRELER!A:B,2,0) -> #N/A | C110: 10 | G110: =CONCATENATE($F$23,A110,) -> 150060150060367
A111: 150060370 | B111: =VLOOKUP(A111,SÜRELER!A:B,2,0) -> #N/A | C111: 10 | E111: Çerçeve | G111: =CONCATENATE($F$23,A111,) -> 150060150060370
A112: 150060371 | B112: =VLOOKUP(A112,SÜRELER!A:B,2,0) -> #N/A | C112: 10 | G112: =CONCATENATE($F$23,A112,) -> 150060150060371
A113: 150060372 | B113: =VLOOKUP(A113,SÜRELER!A:B,2,0) -> #N/A | C113: 10 | G113: =CONCATENATE($F$23,A113,) -> 150060150060372
A114: 150060373 | B114: =VLOOKUP(A114,SÜRELER!A:B,2,0) -> #N/A | C114: 10 | G114: =CONCATENATE($F$23,A114,) -> 150060150060373
A115: 150060380 | B115: =VLOOKUP(A115,SÜRELER!A:B,2,0) -> #N/A | C115: 10 | G115: =CONCATENATE($F$23,A115,) -> 150060150060380
A116: 150060381 | B116: =VLOOKUP(A116,SÜRELER!A:B,2,0) -> #N/A | C116: 10 | G116: =CONCATENATE($F$23,A116,) -> 150060150060381
A117: 150060382 | B117: =VLOOKUP(A117,SÜRELER!A:B,2,0) -> #N/A | C117: 10 | G117: =CONCATENATE($F$23,A117,) -> 150060150060382
A118: 150060383 | B118: =VLOOKUP(A118,SÜRELER!A:B,2,0) -> #N/A | C118: 10 | G118: =CONCATENATE($F$23,A118,) -> 150060150060383
A119: 150060384 | B119: =VLOOKUP(A119,SÜRELER!A:B,2,0) -> #N/A | C119: 10 | G119: =CONCATENATE($F$23,A119,) -> 150060150060384
A120: 150060385 | B120: =VLOOKUP(A120,SÜRELER!A:B,2,0) -> #N/A | C120: 10 | G120: =CONCATENATE($F$23,A120,) -> 150060150060385
A121: 150060386 | B121: =VLOOKUP(A121,SÜRELER!A:B,2,0) -> #N/A | C121: 10 | G121: =CONCATENATE($F$23,A121,) -> 150060150060386
A122: 150060387 | B122: =VLOOKUP(A122,SÜRELER!A:B,2,0) -> #N/A | C122: 10 | G122: =CONCATENATE($F$23,A122,) -> 150060150060387
A123: 150060388 | B123: =VLOOKUP(A123,SÜRELER!A:B,2,0) -> #N/A | C123: 22 | G123: =CONCATENATE($F$23,A123,) -> 150060150060388
... A129: 150060407 | B129: =VLOOKUP(A129,SÜRELER!A:B,2,0) -> #N/A | C129: 18 | G129: =CONCATENATE($F$23,A129,) -> 150060150060407
A130: 150060408 | B130: =VLOOKUP(A130,SÜRELER!A:B,2,0) -> #N/A | C130: 18 | E130: Kırık/Granül malzeme kullnıldığından gelen malzemenin durumuna bağlı hurda oranları çok değişken ortalama bir rakam belirledim | G130: =CONCATENATE($F$23,A130,) -> 150060150060408
A131: 150060409 | B131: =VLOOKUP(A131,SÜRELER!A:B,2,0) -> #N/A | C131: 3 | G131: =CONCATENATE($F$23,A131,) -> 150060150060409
A132: 150060419 | B132: =VLOOKUP(A132,SÜRELER!A:B,2,0) -> #N/A | C132: 4 | G132: =CONCATENATE($F$23,A132,) -> 150060150060419
A133: 150060420 | B133: =VLOOKUP(A133,SÜRELER!A:B,2,0) -> #N/A | C133: 10 | G133: =CONCATENATE($F$23,A133,) -> 150060150060420
A134: 150060423 | B134: =VLOOKUP(A134,SÜRELER!A:B,2,0) -> #N/A | C134: 0 | G134: =CONCATENATE($F$23,A134,) -> 150060150060423
A135: 150060424 | B135: =VLOOKUP(A135,SÜRELER!A:B,2,0) -> #N/A | C135: 0 | G135: =CONCATENATE($F$23,A135,) -> 150060150060424
A136: 150060430 | B136: =VLOOKUP(A136,SÜRELER!A:B,2,0) -> #N/A | C136: 8 | G136: =CONCATENATE($F$23,A136,) -> 150060150060430
A137: 150060431 | B137: =VLOOKUP(A137,SÜRELER!A:B,2,0) -> #N/A | C137: 8 | G137: =CONCATENATE($F$23,A137,) -> 150060150060431
A138: 150060444 | B138: =VLOOKUP(A138,SÜRELER!A:B,2,0) -> #N/A | C138: 5 | G138: =CONCATENATE($F$23,A138,) -> 150060150060444
A139: 150060445 | B139: =VLOOKUP(A139,SÜRELER!A:B,2,0) -> #N/A | C139: 5 | G139: =CONCATENATE($F$23,A139,) -> 150060150060445
A140: 150060446 | B140: =VLOOKUP(A140,SÜRELER!A:B,2,0) -> #N/A | C140: 5 | G140: =CONCATENATE($F$23,A140,) -> 150060150060446
A141: 150060448 | B141: =VLOOKUP(A141,SÜRELER!A:B,2,0) -> #N/A | C141: 7 | G141: =CONCATENATE($F$23,A141,) -> 150060150060448
A142: 150060449 | B142: =VLOOKUP(A142,SÜRELER!A:B,2,0) -> #N/A | C142: 7 | G142: =CONCATENATE($F$23,A142,) -> 150060150060449
... A250: 150060702 | B250: =VLOOKUP(A250,SÜRELER!A:B,2,0) -> #N/A | C250: 8 | G250: =CONCATENATE($F$23,A250,) -> 150060150060702
A251: 150060703 | B251: =VLOOKUP(A251,SÜRELER!A:B,2,0) -> #N/A | G251: =CONCATENATE($F$23,A251,) -> 150060150060703
A252: 150060704 | B252: =VLOOKUP(A252,SÜRELER!A:B,2,0) -> #N/A | G252: =CONCATENATE($F$23,A252,) -> 150060150060704
A253: 150060705 | B253: =VLOOKUP(A253,SÜRELER!A:B,2,0) -> #N/A | G253: =CONCATENATE($F$23,A253,) -> 150060150060705
A254: 150060706 | B254: =VLOOKUP(A254,SÜRELER!A:B,2,0) -> #N/A | G254: =CONCATENATE($F$23,A254,) -> 150060150060706
A255: 150060707 | B255: =VLOOKUP(A255,SÜRELER!A:B,2,0) -> #N/A | G255: =CONCATENATE($F$23,A255,) -> 150060150060707
...

Sheet SÜRELER
A1: Ürün Kodu | B1: Ürün Tanımı | C1: Birim İşçilik Süresi dk. | D1: Birim İşçilik Süresi sn. | E1: Saatlik Kapasite | F1: ürün süre
A2: 1500060050 | B2: Lens,Turuncu,Ön sinyal | C2: 1.19 | D2: 71.4 | E2: 50.420168 | F2: 1.19 | G2: 15000600 | H2: =CONCATENATE($G$2,A2) -> 150006001500060050
A3: 1500060051 | B3: Lens,Kirmizi,Arka sinyal | C3: 1.19 | D3: 71.4 | E3: 50.420168 | F3: 1.19 | H3: =CONCATENATE($G$2,A3) -> 150006001500060051
A4: 1500060055 | B4: Housing,Naturel,Büyük | C4: 0.59 | D4: 35.4 | E4: 101.69492 | F4: 0.59 | H4: =CONCATENATE($G$2,A4) -> 150006001500060055
A5: 1500060056 | B5: Housing,Naturel,Küçük | C5: 0.59 | D5: 35.4 | E5: 101.69492 | F5: 0.59 | H5: =CONCATENATE($G$2,A5) -> 150006001500060056
A6: 1500060060 | B6: Insert,Siyah,Küçük | C6: 0.72 | D6: 43.2 | E6: 83.333333 | F6: 0.72 | H6: =CONCATENATE($G$2,A6) -> 150006001500060060
A7: 1500060060 | B7: Reflektör,120x140,Terminalli,2'li | C7: 0.32 | D7: 19.2 | E7: 187.5 | F7: 0.32 | H7: =CONCATENATE($G$2,A7) -> 150006001500060060
A8: 1500060061 | B8: Insert,Siyah,Büyük | C8: 0.48 | D8: 28.8 | E8: 125 | F8: 0.48 | H8: =CONCATENATE($G$2,A8) -> 150006001500060061
A9: 1500060065 | B9: Bushing,Natural | C9: 0.15 | D9: 9 | E9: 400 | F9: 0.15 | H9: =CONCATENATE($G$2,A9) -> 150006001500060065
A10: 1500060070 | B10: Filtre,Mavi,Ön sinyal | C10: 0.67 | D10: 40.2 | E10: 89.552239 | F10: 0.67 | H10: =CONCATENATE($G$2,A10) -> 150006001500060070
A11: 1500060071 | B11: Filtre,Yesil,Arka sinyal | C11: 0.67 | D11: 40.2 | E11: 89.552239 | F11: 0.67 | H11: =CONCATENATE($G$2,A11) -> 150006001500060071
A12: 1500060072 | B12: Filtre,Kirmizi,Arka sinyal | C12: 1.65 | D12: 99 | E12: 36.363636 | F12: 1.65 | H12: =CONCATENATE($G$2,A12) -> 150006001500060072
A13: 1500060073 | B13: REFLEKTOR DRL TI H566 SOL | C13: 0.58 | D13: 34.8 | E13: 103.44828 | F13: 0.58 | H13: =CONCATENATE($G$2,A13) -> 150006001500060073
A14: 1500060074 | B14: REFLEKTOR DRL TI H566 SAG | C14: 0.58 | D14: 34.8 | E14: 103.44828 | F14: 0.58 | H14: =CONCATENATE($G$2,A14) -> 150006001500060074
... A20: 1500060080 | B20: IC LENS H566 SAG | C20: 0.62 | D20: 37.2 | E20: 96.774194 | F20: 0.62 | H20: =CONCATENATE($G$2,A20) -> 150006001500060080
A21: 1500060080 | B21: Ayar Mekanizmasi,Komple,Dikey | C21: 0 | D21: 0 | E21: #DIV/0! | F21: 0 | H21: =CONCATENATE($G$2,A21) -> 150006001500060080
A22: 1500060081 | B22: SIYAH BEZEL H566 SOL | C22: 0.83 | D22: 49.8 | E22: 72.289157 | F22: 0.83 | H22: =CONCATENATE($G$2,A22) -> 150006001500060081
A23: 1500060081 | B23: Ayar Mekanizması,Küçük,Komple | C23: 0 | D23: 0 | E23: #DIV/0! | F23: 0 | H23: =CONCATENATE($G$2,A23) -> 150006001500060081
A24: 1500060082 | B24: SIYAH BEZEL H566 SAG | C24: 0.83 | D24: 49.8 | E24: 72.289157 | F24: 0.83 | H24: =CONCATENATE($G$2,A24) -> 150006001500060082
A25: 1500060082 | B25: Ayar Mekanizması,Büyük,Komple | C25: 0 | D25: 0 | E25: #DIV/0! | F25: 0 | H25: =CONCATENATE($G$2,A25) -> 150006001500060082
A26: 1500060083 | B26: SIYAH BEZEL SIS H566 SOL | C26: 0.62 | D26: 37.2 | E26: 96.774194 | F26: 0.62 | H26: =CONCATENATE($G$2,A26) -> 150006001500060083
A27: 1500060083 | B27: Mercek Ünitesi,Komple | C27: 0 | D27: 0 | E27: #DIV/0! | F27: 0 | H27: =CONCATENATE($G$2,A27) -> 150006001500060083
A28: 1500060084 | B28: SIYAH BEZEL SIS H566 SAG | C28: 0.62 | D28: 37.2 | E28: 96.774194 | F28: 0.62 | H28: =CONCATENATE($G$2,A28) -> 150006001500060084
A29: 1500060084 | B29: Refl.Uzun Hüzme+Spot Komple | C29: 0 | D29: 0 | E29: #DIV/0! | F29: 0 | H29: =CONCATENATE($G$2,A29) -> 150006001500060084
A30: 1500060085 | B30: GOVDE H566 SOL HIGH | C30: 0.67 | D30: 40.2 | E30: 89.552239 | F30: 0.67 | H30: =CONCATENATE($G$2,A30) -> 150006001500060085
A31: 1500060086 | B31: GOVDE H566 SAG HIGH | C31: 0.67 | D31: 40.2 | E31: 89.552239 | F31: 0.67 | H31: =CONCATENATE($G$2,A31) -> 150006001500060086
A32: 1500060087 | B32: GOVDE H566 SOL BASE | C32: 0.67 | D32: 40.2 | E32: 89.552239 | F32: 0.67 | H32: =CONCATENATE($G$2,A32) -> 150006001500060087
A33: 1500060088 | B33: GOVDE H566 SAG BASE | C33: 0.67 | D33: 40.2 | E33: 89.552239 | F33: 0.67 | H33: =CONCATENATE($G$2,A33) -> 150006001500060088
A34: 1500060089 | B34: GOVDE SIS H566 SOL | C34: 0.62 | D34: 37.2 | E34: 96.774194 | F34: 0.62 | H34: =CONCATENATE($G$2,A34) -> 150006001500060089
A35: 1500060090 | B35: GOVDE SIS H566 SAG | C35: 0.62 | D35: 37.2 | E35: 96.774194 | F35: 0.62 | H35: =CONCATENATE($G$2,A35) -> 150006001500060090
A36: 1500060091 | B36: PES CERCEVE HIGH H566 SOL | C36: 0.54 | D36: 32.4 | E36: 111.11111 | F36: 0.54 | H36: =CONCATENATE($G$2,A36) -> 150006001500060091
A37: 1500060092 | B37: PES CERCEVE HIGH H566 SAG | C37: 0.54 | D37: 32.4 | E37: 111.11111 | F37: 0.54 | H37: =CONCATENATE($G$2,A37) -> 150006001500060092
A38: 1500060093 | B38: AYAR BRAKETI HIGH LOW 2 H566 | C38: 0.5 | D38: 30 | E38: 120 | F38: 0.5 | H38: =CONCATENATE($G$2,A38) -> 150006001500060093
A39: 1500060094 | B39: ARA ÇERÇEVE,SİYAH,SOL,H625 CARGO | C39: 1 | D39: 60 | E39: 60 | F39: 1 | H39: =CONCATENATE($G$2,A39) -> 150006001500060094
A40: 1500060095 | B40: ARA ÇERÇEVE,SİYAH,SAĞ,H625 CARGO | C40: 1 | D40: 60 | E40: 60 | F40: 1 | H40: =CONCATENATE($G$2,A40) -> 150006001500060095
A41: 1500060096 | B41: H625 KROM BEZEL SAG | C41: 1 | D41: 60 | E41: 60 | F41: 1 | H41: =CONCATENATE($G$2,A41) -> 150006001500060096
... A44: 1500060099 | B44: İÇ LENS,SAĞ,H625 CARGO | C44: 0.85 | D44: 51 | E44: 70.588235 | F44: 0.85 | H44: =CONCATENATE($G$2,A44) -> 150006001500060099
A45: 1500060100 | B45: REFLEKTÖR,SOL,DRL+TI,H625 CARGO | C45: 0.491 | D45: =60*C45 -> 29.46 | E45: =60/C45 -> 122.19959 | F45: 0.491 | G45: 1500060 | H45: =CONCATENATE($G$45,A45) -> 15000601500060100
A46: 1500060101 | B46: REFLEKTÖR,SAĞ,DRL+TI,H625 CARGO | C46: 0.491 | D46: =60*C46 -> 29.46 | E46: =60/C46 -> 122.19959 | F46: 0.491 | H46: =CONCATENATE($G$45,A46) -> 15000601500060101
A47: 1500060102 | B47: ARAÇERÇEVE,SOL,HIGH,H625 FAR BLACKLINE | C47: 1.05 | D47: =60*C47 -> 63 | E47: =60/C47 -> 57.142857 | F47: 1.05 | H47: =CONCATENATE($G$45,A47) -> 15000601500060102
A48: 1500060103 | B48: ARAÇERÇEVE,SAĞ,HIGH,H625 FAR BLACKLINE | C48: 1.05 | D48: =60*C48 -> 63 | E48: =60/C48 -> 57.142857 | F48: 1.05 | H48: =CONCATENATE($G$45,A48) -> 15000601500060103
A49: 1500060104 | B49: KAPAK,SOL,HIGH,H625 FAR CARGO | C49: 0.731 | D49: =60*C49 -> 43.86 | E49: =60/C49 -> 82.079343 | F49: 1.05 | H49: =CONCATENATE($G$45,A49) -> 15000601500060104
A50: 1500060105 | B50: KAPAK,SAĞ,HIGH,H625 FAR CARGO | C50: 0.731 | D50: =60*C50 -> 43.86 | E50: =60/C50 -> 82.079343 | F50: 1.05 | H50: =CONCATENATE($G$45,A50) -> 15000601500060105
A51: 1500060114 | B51: B 460 GÖVDE SOL | C51: 0.5 | D51: 30 | E51: 120 | F51: 0.5 | H51: =CONCATENATE($G$45,A51) -> 15000601500060114
A52: 1500060115 | B52: B 460 GÖVDE SAĞ | C52: 0.5 | D52: 30 | E52: 120 | F52: 0.5 | H52: =CONCATENATE($G$45,A52) -> 15000601500060115
A53: 1500060116 | B53: LENS,SİNYAL,SOL,B460,FAR | C53: 0.4 | D53: 24 | E53: 150 | F53: 0.4 | H53: =CONCATENATE($G$45,A53) -> 15000601500060116
A54: 1500060117 | B54: LENS,SİNYAL,SAĞ,B460,FAR | C54: 0.4 | D54: 24 | E54: 150 | F54: 0.4 | H54: =CONCATENATE($G$45,A54) -> 15000601500060117
A55: 1500060118 | B55: TI REFLEKTÖR,SİNYAL,SOL,B460 FAR | C55: 0.5 | D55: 30 | E55: 120 | F55: 0.5 | H55: =CONCATENATE($G$45,A55) -> 15000601500060118
A56: 1500060119 | B56: TI REFLEKTÖR,SİNYAL,SAĞ,B460 FAR | C56: 0.5 | D56: 30 | E56: 120 | F56: 0.5 | H56: =CONCATENATE($G$45,A56) -> 15000601500060119
A57: 1500060120 | B57: ARA ÇERÇEVE SOL B 460 FAR SİNYAL | C57: 0.6 | D57: 36 | E57: 100 | F57: 0.6 | H57: =CONCATENATE($G$45,A57) -> 15000601500060120
A58: 1500060121 | B58: ARA ÇERÇEVE SAĞ B 460 FAR SİNYAL | C58: 0.6 | D58: 36 | E58: 100 | F58: 0.6 | H58: =CONCATENATE($G$45,A58) -> 15000601500060121
A59: 1500060122 | B59: B 460 MCA GÖVDE SAĞ | C59: 1.4 | D59: 84 | E59: 42.857143 | F59: 1.4 | H59: =CONCATENATE($G$45,A59) -> 15000601500060122
A60: 1500060123 | B60: B 460 MCA GÖVDE SOL | C60: 1.4 | D60: 84 | E60: 42.857143 | F60: 1.4 | H60: =CONCATENATE($G$45,A60) -> 15000601500060123
A61: 1500060140 | B61: Plastik dis tas,BMC sis,Sag | C61: 0.8 | D61: 48 | E61: 75 | F61: 0.8 | H61: =CONCATENATE($G$45,A61) -> 15000601500060140
A62: 1500060140 | B62: Şase,Komple,Sag,Kartal | C62: 0 | D62: 0 | E62: #DIV/0! | F62: 0 | H62: =CONCATENATE($G$45,A62) -> 15000601500060140
A63: 1500060150 | B63: Plastik dis tas,BMC sis,Sol | C63: 0.8 | D63: 48 | E63: 75 | F63: 0.8 | H63: =CONCATENATE($G$45,A63) -> 15000601500060150
A64: 1500060150 | B64: Şase,Komple,Sol,Kartal | C64: 0 | D64: 0 | E64: #DIV/0! | F64: 0 | H64: =CONCATENATE($G$45,A64) -> 15000601500060150
A65: 1500060162 | B65: Koruyucu Kapak Contalı, BMC Prof.+R19 | C65: 0.21 | D65: 12.6 | E65: 285.71429 | F65: 0.21 | H65: =CONCATENATE($G$45,A65) -> 15000601500060162
A66: 1500060163 | B66: Koruyucu Kapak | C66: 0.56 | D66: 33.6 | E66: 107.14286 | F66: 0.56 | H66: =CONCATENATE($G$45,A66) -> 15000601500060163
A67: 1500060164 | B67: Koruyucu Kapak,Contali | C67: 0.56 | D67: 33.6 | E67: 107.14286 | F67: 0.56 | H67: =CONCATENATE($G$45,A67) -> 15000601500060164
A68: 1500060166 | B68: Koruyucu Kapak,Contasız,R.9-R.11 | C68: 0.75 | D68: 45 | E68: 80 | F68: 0.75 | H68: =CONCATENATE($G$45,A68) -> 15000601500060166
A69: 1500060170 | B69: Plastik dis tas,80x160 | C69: 0.38 | D69: 22.8 | E69: 157.89474 | F69: 0.38 | H69: =CONCATENATE($G$45,A69) -> 15000601500060170
A70: 1500060170 | B70: çerçeve,komple Unimog | C70: 0 | D70: 0 | E70: #DIV/0! | F70: 0 | H70: =CONCATENATE($G$45,A70) -> 15000601500060170
A71: 1500060175 | B71: Plastik Dis Gövde,90x155 | C71: 0.58 | D71: 34.8 | E71: 103.44828 | F71: 0.58 | H71: =CONCATENATE($G$45,A71) -> 15000601500060175
A72: 1500060176 | B72: Plastik Dis Çerce,90x155 | C72: 0.29 | D72: 17.4 | E72: 206.89655 | F72: 0.29 | H72: =CONCATENATE($G$45,A72) -> 15000601500060176
A73: 1500060200 | B73: Plastik, SFTP Kapak | C73: 0.53 | D73: 31.8 | E73: 113.20755 | F73: 0.53 | H73: =CONCATENATE($G$45,A73) -> 15000601500060200
A74: 1500060200 | B74: Saşe,Led,595L,Sağ,Ambalajlı | C74: 0.23 | D74: 13.8 | E74: 260.86957 | F74: 0.23 | H74: =CONCATENATE($G$45,A74) -> 15000601500060200
A75: 1500060201 | B75: Plastik, SFTP Adaptör, Sol | C75: 0.98 | D75: 58.8 | E75: 61.22449 | F75: 0.98 | H75: =CONCATENATE($G$45,A75) -> 15000601500060201
A76: 1500060202 | B76: Plastik, SFTP Adaptör, Sağ | C76: 0.98 | D76: 58.8 | E76: 61.22449 | F76: 0.98 | H76: =CONCATENATE($G$45,A76) -> 15000601500060202
A77: 1500060203 | B77: Plastik,KC4 Ek Ünite, Lens Sol | C77: 0.64 | D77: 38.4 | E77: 93.75 | F77: 0.64 | H77: =CONCATENATE($G$45,A77) -> 15000601500060203
A78: 1500060204 | B78: Plastik,KC4 Ek Ünite, Lens Sag | C78: 0.64 | D78: 38.4 | E78: 93.75 | F78: 0.64 | H78: =CONCATENATE($G$45,A78) -> 15000601500060204
A79: 1500060205 | B79: Plastik,KC4 Ek Ünite, Gövde Sol | C79: 0.61 | D79: 36.6 | E79: 98.360656 | F79: 0.61 | H79: =CONCATENATE($G$45,A79) -> 15000601500060205
A80: 1500060206 | B80: Plastik,KC4 Ek Ünite, Gövde Sağ | C80: 0.61 | D80: 36.6 | E80: 98.360656 | F80: 0.61 | H80: =CONCATENATE($G$45,A80) -> 15000601500060206
A81: 1500060210 | B81: Saşe,Led,595L,Sol,Ambalajlı | C81: 0.23 | D81: 13.8 | E81: 260.86957 | F81: 0.23 | H81: =CONCATENATE($G$45,A81) -> 15000601500060210
A82: 1500060220 | B82: Unistop1 Hazırlık,Temsa,Macun Çekme | C82: 0.73 | D82: 43.8 | E82: 82.191781 | F82: 0.73 | H82: =CONCATENATE($G$45,A82) -> 15000601500060220
... A122: 1500060300 | B122: 5.56 BAKLA | C122: 0.61 | D122: 36.6 | E122: 98.360656 | F122: 0.61 | H122: =CONCATENATE($G$45,A122) -> 15000601500060300
A123: 1500060300 | B123: Çerceve Hazır.Otoyol İveco,Sağ | C123: 0 | D123: 0 | E123: #DIV/0! | F123: 0 | H123: =CONCATENATE($G$45,A123) -> 15000601500060300
A124: 1500060301 | B124: Ampul Tutucu,Unıstop | C124: 0.86 | D124: 51.6 | E124: 69.767442 | F124: 0.86 | H124: =CONCATENATE($G$45,A124) -> 15000601500060301
A125: 1500060302 | B125: Yay Tablası | C125: 0.26 | D125: 15.6 | E125: 230.76923 | F125: 0.26 | H125: =CONCATENATE($G$45,A125) -> 15000601500060302
A126: 1500060303 | B126: Üst Takip Parçası | C126: 0.26 | D126: 15.6 | E126: 230.76923 | F126: 0.26 | H126: =CONCATENATE($G$45,A126) -> 15000601500060303
A127: 1500060304 | B127: Ara Destek Parçası | C127: 0.26 | D127: 15.6 | E127: 230.76923 | F127: 0.26 | H127: =CONCATENATE($G$45,A127) -> 15000601500060304
A128: 1500060305 | B128: Taban Kızağı | C128: 0.26 | D128: 15.6 | E128: 230.76923 | F128: 0.26 | H128: =CONCATENATE($G$45,A128) -> 15000601500060305
A129: 1500060305 | B129: Çerceve Hazır.Otoyol İveco,Sol | C129: 0 | D129: 0 | E129: #DIV/0! | F129: 0 | H129: =CONCATENATE($G$45,A129) -> 15000601500060305
A130: 1500060309 | B130: Plastik V227 MCA | C130: 0.44 | D130: 26.4 | E130: 136.36364 | F130: 0.44 | H130: =CONCATENATE($G$45,A130) -> 15000601500060309
A131: 1500060310 | B131: Ampul Tutucu,V227 | C131: 0.36 | D131: 21.6 | E131: 166.66667 | F131: 0.36 | H131: =CONCATENATE($G$45,A131) -> 15000601500060310
A132: 1500060310 | B132: Çerceve Hazır.Ford İveco,Sağ | C132: 0 | D132: 0 | E132: #DIV/0! | F132: 0 | H132: =CONCATENATE($G$45,A132) -> 15000601500060310
A133: 1500060311 | B133: Duy Plakasi ve Alt Plaka,Sag | C133: 0.69 | D133: 41.4 | E133: 86.956522 | F133: 0.69 | H133: =CONCATENATE($G$45,A133) -> 15000601500060311
A134: 1500060312 | B134: Duy Plakasi ve Alt Plaka,Sol | C134: 0.69 | D134: 41.4 | E134: 86.956522 | F134: 0.69 | H134: =CONCATENATE($G$45,A134) -> 15000601500060312
A135: 1500060313 | B135: Ampul Tutucu,L65,Sag,F-2 | C135: 0.28 | D135: 16.8 | E135: 214.28571 | F135: 0.28 | H135: =CONCATENATE($G$45,A135) -> 15000601500060313
A136: 1500060314 | B136: Ampul Tutucu,L65,Sol,F-2 | C136: 0.28 | D136: 16.8 | E136: 214.28571 | F136: 0.28 | H136: =CONCATENATE($G$45,A136) -> 15000601500060314
A137: 1500060315 | B137: Ampul Tutucu,L84,Sag | C137: 0.41 | D137: 24.6 | E137: 146.34146 | F137: 0.41 | H137: =CONCATENATE($G$45,A137) -> 15000601500060315
A138: 1500060315 | B138: Çerceve Hazır.Ford İveco,Sol | C138: 0 | D138: 0 | E138: #DIV/0! | F138: 0 | H138: =CONCATENATE($G$45,A138) -> 15000601500060315
A139: 1500060316 | B139: Ampul Tutucu,L84,Sol | C139: 0.41 | D139: 24.6 | E139: 146.34146 | F139: 0.41 | H139: =CONCATENATE($G$45,A139) -> 15000601500060316
A140: 1500060320 | B140: Çerceve Hazır.İveco,Desenli,Sağ | C140: 0 | D140: 0 | E140: #DIV/0! | F140: 0 | H140: =CONCATENATE($G$45,A140) -> 15000601500060320
A141: 1500060323 | B141: Ampul Tutucu,L65,Sag,F-3 | C141: 0.28 | D141: 16.8 | E141: 214.28571 | F141: 0.28 | H141: =CONCATENATE($G$45,A141) -> 15000601500060323
A142: 1500060324 | B142: Ampul Tutucu,L65,Sol,F-3 | C142: 0.28 | D142: 16.8 | E142: 214.28571 | F142: 0.28 | H142: =CONCATENATE($G$45,A142) -> 15000601500060324
A143: 1500060325 | B143: Ara Çerceve,P.504,Sag | C143: 0.97 | D143: 58.2 | E143: 61.85567 | F143: 0.97 | H143: =CONCATENATE($G$45,A143) -> 15000601500060325
A144: 1500060325 | B144: Çerceve Hazır.İveco,Desenli,Sol | C144: 0 | D144: 0 | E144: #DIV/0! | F144: 0 | H144: =CONCATENATE($G$45,A144) -> 15000601500060325
A145: 1500060326 | B145: Ara Çerceve,P.504,Sol | C145: 0.97 | D145: 58.2 | E145: 61.85567 | F145: 0.97 | H145: =CONCATENATE($G$45,A145) -> 15000601500060326
A146: 1500060330 | B146: Çerceve Hazır.İveco,Mekanizmalı,Sağ | C146: 0.49 | D146: 29.4 | E146: 122.44898 | F146: 0.49 | H146: =CONCATENATE($G$45,A146) -> 15000601500060330
...

Sheet ASAKAİ
A1: TARİH | B1: PLAN | C1: GERÇEKLEŞEN | D1: FİRE | E1: FİRE ORANI | F1: DURUŞ | G1: % | H1: Hurda Oranı %
A2: ='1'!A1 -> 46174 | B2: =IFERROR('1'!D63,0) -> 0 | C2: =IFERROR('1'!E63,0) -> 8900 | D2: =IFERROR('1'!F63,0) -> 111 | E2: =IFERROR('1'!G63,0) -> 12471.91 | F2: =IFERROR('1'!H63,0) -> 300 | G2: =IFERROR('1'!I63,0) -> 0 | H2: =IFERROR('1'!E46,0) -> 1.247191
A3: =A2+1 -> 46175 | B3: =IFERROR('2'!D63,0) -> 0 | C3: =IFERROR('2'!E63,0) -> 15480 | D3: =IFERROR('2'!F63,0) -> 111 | E3: =IFERROR('2'!G63,0) -> 7170.5426 | F3: =IFERROR('2'!H63,0) -> 180 | G3: =IFERROR('2'!I63,0) -> 0 | H3: =IFERROR('2'!E46,0) -> 0.71705426
A4: =A3+1 -> 46176 | B4: =IFERROR('3'!D63,0) -> 0 | C4: =IFERROR('3'!E63,0) -> 31629 | D4: =IFERROR('3'!F63,0) -> 324 | E4: =IFERROR('3'!G63,0) -> 10243.764 | F4: =IFERROR('3'!H63,0) -> 180 | G4: =IFERROR('3'!I63,0) -> 0 | H4: =IFERROR('3'!E46,0) -> 1.0243764
A5: =A4+1 -> 46177 | B5: =IFERROR('4'!D63,0) -> 0 | C5: =IFERROR('4'!E63,0) -> 10196 | D5: =IFERROR('4'!F63,0) -> 190 | E5: =IFERROR('4'!G63,0) -> 18634.759 | F5: =IFERROR('4'!H63,0) -> 180 | G5: =IFERROR('4'!I63,0) -> 0 | H5: =IFERROR('4'!E46,0) -> 1.8634759
A6: =A5+1 -> 46178 | B6: =IFERROR('5'!D63,0) -> 0 | C6: =IFERROR('5'!E63,0) -> 25475 | D6: =IFERROR('5'!F63,0) -> 96 | E6: =IFERROR('5'!G63,0) -> 3768.4004 | F6: =IFERROR('5'!H63,0) -> 0 | G6: =IFERROR('5'!I63,0) -> 0 | H6: =IFERROR('5'!E46,0) -> 0.37684004
A7: =A6+1 -> 46179 | B7: =IFERROR('6'!D63,0) -> 0 | C7: =IFERROR('6'!E63,0) -> 11855 | D7: =IFERROR('6'!F63,0) -> 120 | E7: =IFERROR('6'!G63,0) -> 10122.311 | F7: =IFERROR('6'!H63,0) -> 150 | G7: =IFERROR('6'!I63,0) -> 0 | H7: =IFERROR('6'!E46,0) -> 1.0122311
A8: =A7+1 -> 46180 | B8: =IFERROR('7'!D63,0) -> 0 | C8: =IFERROR('7'!E63,0) -> 20262 | D8: =IFERROR('7'!F63,0) -> 150 | E8: =IFERROR('7'!G63,0) -> 7403.0204 | F8: =IFERROR('7'!H63,0) -> 0 | G8: =IFERROR('7'!I63,0) -> 0 | H8: =IFERROR('7'!E46,0) -> 0.74030204
A9: =A8+1 -> 46181 | B9: =IFERROR('8'!D63,0) -> 0 | C9: =IFERROR('8'!E63,0) -> 12436 | D9: =IFERROR('8'!F63,0) -> 204 | E9: =IFERROR('8'!G63,0) -> 16403.988 | F9: =IFERROR('8'!H63,0) -> 150 | G9: =IFERROR('8'!I63,0) -> 0 | H9: =IFERROR('8'!E46,0) -> 1.6403988
A10: =A9+1 -> 46182 | B10: =IFERROR('9'!D63,0) -> 0 | C10: =IFERROR('9'!E63,0) -> 16027 | D10: =IFERROR('9'!F63,0) -> 252 | E10: =IFERROR('9'!G63,0) -> 15723.467 | F10: =IFERROR('9'!H63,0) -> 150 | G10: =IFERROR('9'!I63,0) -> 0 | H10: =IFERROR('9'!E46,0) -> 1.5723467
A11: =A10+1 -> 46183 | B11: =IFERROR('10'!D63,0) -> 0 | C11: =IFERROR('10'!E63,0) -> 29675 | D11: =IFERROR('10'!F63,0) -> 127 | E11: =IFERROR('10'!G63,0) -> 4279.6967 | F11: =IFERROR('10'!H63,0) -> 180 | G11: =IFERROR('10'!I63,0) -> 0 | H11: =IFERROR('10'!E46,0) -> 0.42796967
A12: =A11+1 -> 46184 | B12: =IFERROR('11'!D63,0) -> 0 | C12: =IFERROR('11'!E63,0) -> 8854 | D12: =IFERROR('11'!F63,0) -> 196 | E12: =IFERROR('11'!G63,0) -> 22136.887 | F12: =IFERROR('11'!H63,0) -> 120 | G12: =IFERROR('11'!I63,0) -> 0 | H12: =IFERROR('11'!E46,0) -> 2.2136887
A13: =A12+1 -> 46185 | B13: =IFERROR('12'!D63,0) -> 0 | C13: =IFERROR('12'!E63,0) -> 22840 | D13: =IFERROR('12'!F63,0) -> 223 | E13: =IFERROR('12'!G63,0) -> 9763.5727 | F13: =IFERROR('12'!H63,0) -> 120 | G13: =IFERROR('12'!I63,0) -> 0 | H13: =IFERROR('12'!E46,0) -> 0.97635727
A14: =A13+1 -> 46186 | B14: =IFERROR('13'!D63,0) -> 0 | C14: =IFERROR('13'!E63,0) -> 10462 | D14: =IFERROR('13'!F63,0) -> 216 | E14: =IFERROR('13'!G63,0) -> 20646.148 | F14: =IFERROR('13'!H63,0) -> 300 | G14: =IFERROR('13'!I63,0) -> 0 | H14: =IFERROR('13'!E46,0) -> 2.0646148
A15: =A14+1 -> 46187 | B15: =IFERROR('14'!D63,0) -> 0 | C15: =IFERROR('14'!E63,0) -> 9468 | D15: =IFERROR('14'!F63,0) -> 102 | E15: =IFERROR('14'!G63,0) -> 10773.131 | F15: =IFERROR('14'!H63,0) -> 0 | G15: =IFERROR('14'!I63,0) -> 0 | H15: =IFERROR('14'!E46,0) -> 1.0773131
A16: =A15+1 -> 46188 | B16: =IFERROR('15'!D63,0) -> 0 | C16: =IFERROR('15'!E63,0) -> 14505 | D16: =IFERROR('15'!F63,0) -> 119 | E16: =IFERROR('15'!G63,0) -> 8204.0676 | F16: =IFERROR('15'!H63,0) -> 175 | G16: =IFERROR('15'!I63,0) -> 0 | H16: =IFERROR('15'!E46,0) -> 0.82040676
A17: =A16+1 -> 46189 | B17: =IFERROR('16'!D63,0) -> 0 | C17: =IFERROR('16'!E63,0) -> 11692 | D17: =IFERROR('16'!F63,0) -> 106 | E17: =IFERROR('16'!G63,0) -> 9066.0281 | F17: =IFERROR('16'!H63,0) -> 180 | G17: =IFERROR('16'!I63,0) -> 0 | H17: =IFERROR('16'!E46,0) -> 0.90660281
A18: =A17+1 -> 46190 | B18: =IFERROR('17'!D63,0) -> 0 | C18: =IFERROR('17'!E63,0) -> 684 | D18: =IFERROR('17'!F63,0) -> 20 | E18: =IFERROR('17'!G63,0) -> 29239.766 | F18: =IFERROR('17'!H63,0) -> 0 | G18: =IFERROR('17'!I63,0) -> 0 | H18: =IFERROR('17'!E46,0) -> 2.9239766
A19: =A18+1 -> 46191 | B19: =IFERROR('18'!D63,0) -> 0 | C19: =IFERROR('18'!E63,0) -> 12976 | D19: =IFERROR('18'!F63,0) -> 137 | E19: =IFERROR('18'!G63,0) -> 10557.953 | F19: =IFERROR('18'!H63,0) -> 120 | G19: =IFERROR('18'!I63,0) -> 0 | H19: =IFERROR('18'!E46,0) -> 1.0557953
A20: =A19+1 -> 46192 | B20: =IFERROR('19'!D63,0) -> 0 | C20: =IFERROR('19'!E63,0) -> 27714 | D20: =IFERROR('19'!F63,0) -> 165 | E20: =IFERROR('19'!G63,0) -> 5953.6696 | F20: =IFERROR('19'!H63,0) -> 150 | G20: =IFERROR('19'!I63,0) -> 0 | H20: =IFERROR('19'!E46,0) -> 0.59536696
A21: =A20+1 -> 46193 | B21: =IFERROR('20'!D63,0) -> 0 | C21: =IFERROR('20'!E63,0) -> 25335 | D21: =IFERROR('20'!F63,0) -> 77 | E21: =IFERROR('20'!G63,0) -> 3039.2737 | F21: =IFERROR('20'!H63,0) -> 0 | G21: =IFERROR('20'!I63,0) -> 0 | H21: =IFERROR('20'!E46,0) -> 0.30392737
A22: =A21+1 -> 46194 | B22: =IFERROR('21'!D63,0) -> 0 | C22: =IFERROR('21'!E63,0) -> 15517 | D22: =IFERROR('21'!F63,0) -> 102 | E22: =IFERROR('21'!G63,0) -> 6573.4356 | F22: =IFERROR('21'!H63,0) -> 0 | G22: =IFERROR('21'!I63,0) -> 0 | H22: =IFERROR('21'!E46,0) -> 0.65734356
A23: =A22+1 -> 46195 | B23: =IFERROR('22'!D63,0) -> 0 | C23: =IFERROR('22'!E63,0) -> 23408 | D23: =IFERROR('22'!F63,0) -> 135 | E23: =IFERROR('22'!G63,0) -> 5767.2591 | F23: =IFERROR('22'!H63,0) -> 110 | G23: =IFERROR('22'!I63,0) -> 0 | H23: =IFERROR('22'!E46,0) -> 0.57672591
A24: =A23+1 -> 46196 | B24: =IFERROR('23'!D63,0) -> 0 | C24: =IFERROR('23'!E63,0) -> 12462 | D24: =IFERROR('23'!F63,0) -> 156 | E24: =IFERROR('23'!G63,0) -> 12518.055 | F24: =IFERROR('23'!H63,0) -> 400 | G24: =IFERROR('23'!I63,0) -> 0 | H24: =IFERROR('23'!E46,0) -> 1.2518055
A25: =A24+1 -> 46197 | B25: =IFERROR('24'!D63,0) -> 0 | C25: =IFERROR('24'!E63,0) -> 9488 | D25: =IFERROR('24'!F63,0) -> 200 | E25: =IFERROR('24'!G63,0) -> 21079.258 | F25: =IFERROR('24'!H63,0) -> 500 | G25: =IFERROR('24'!I63,0) -> 0 | H25: =IFERROR('24'!E46,0) -> 2.1079258
A26: =A25+1 -> 46198 | B26: =IFERROR('25'!D63,0) -> 0 | C26: =IFERROR('25'!E63,0) -> 8146 | D26: =IFERROR('25'!F63,0) -> 144 | E26: =IFERROR('25'!G63,0) -> 17677.388 | F26: =IFERROR('25'!H63,0) -> 400 | G26: =IFERROR('25'!I63,0) -> 0 | H26: =IFERROR('25'!E46,0) -> 1.7677388
A27: =A26+1 -> 46199 | B27: =IFERROR('26'!D63,0) -> 0 | C27: =IFERROR('26'!E63,0) -> 21794 | D27: =IFERROR('26'!F63,0) -> 346 | E27: =IFERROR('26'!G63,0) -> 15875.929 | F27: =IFERROR('26'!H63,0) -> 0 | G27: =IFERROR('26'!I63,0) -> 0 | H27: =IFERROR('26'!E46,0) -> 1.5875929
A28: =A27+1 -> 46200 | B28: =IFERROR('27'!D63,0) -> 0 | C28: =IFERROR('27'!E63,0) -> 0 | D28: =IFERROR('27'!F63,0) -> 0 | E28: =IFERROR('27'!G63,0) -> 0 | F28: =IFERROR('27'!H63,0) -> 0 | G28: =IFERROR('27'!I63,0) -> 0 | H28: =IFERROR('27'!E46,0) -> 0
A29: =A28+1 -> 46201 | B29: =IFERROR('28'!D63,0) -> 0 | C29: =IFERROR('28'!E63,0) -> 0 | D29: =IFERROR('28'!F63,0) -> 0 | E29: =IFERROR('28'!G63,0) -> 0 | F29: =IFERROR('28'!H63,0) -> 0 | G29: =IFERROR('28'!I63,0) -> 0 | H29: =IFERROR('28'!E46,0) -> 0
A30: =A29+1 -> 46202 | B30: =IFERROR('29'!D63,0) -> 0 | C30: =IFERROR('29'!E63,0) -> 18386 | D30: =IFERROR('29'!F63,0) -> 131 | E30: =IFERROR('29'!G63,0) -> 7124.9864 | F30: =IFERROR('29'!H63,0) -> 550 | G30: =IFERROR('29'!I63,0) -> 0 | H30: =IFERROR('29'!E46,0) -> 0.71249864
A31: =A30+1 -> 46203 | B31: =IFERROR('30'!D63,0) -> 0 | C31: =IFERROR('30'!E63,0) -> 13934 | D31: =IFERROR('30'!F63,0) -> 383 | E31: =IFERROR('30'!G63,0) -> 27486.723 | F31: =IFERROR('30'!H63,0) -> 0 | G31: =IFERROR('30'!I63,0) -> 0 | H31: =IFERROR('30'!E46,0) -> 2.7486723
A32: =A31+1 -> 46204 | B32: =IFERROR('31'!D63,0) -> 0 | C32: =IFERROR('31'!E63,0) -> 19032 | D32: =IFERROR('31'!F63,0) -> 147 | E32: =IFERROR('31'!G63,0) -> 7723.8335 | F32: =IFERROR('31'!H63,0) -> 0 | G32: =IFERROR('31'!I63,0) -> 0 | H32: =IFERROR('31'!E46,0) -> 0.77238335
A33: Toplam | B33: =SUM(B2:B32) -> 0 | C33: =SUM(C2:C32) -> 468632 | D33: =SUM(D2:D32) -> 4790 | E33: =SUM(E2:E32) -> 357429.22 | F33: =SUM(F2:F32) -> 4595 | G33: =SUM(G2:G32)/(COUNTIF(G2:G32,">0")) -> #DIV/0! | H33: =AVERAGE(H2:H32) -> 1.1529975

Sheet Sayfa2
A1: Malzeme | B1: Malzeme Açıklaması | C1: Oluşturulma Tarihi | D1: Belge Tarihi | E1: Env.Belge Tipi | F1: Hareket Yönü | G1: Stk.Tipi | H1: Stok Miktar | I1: Stok Birimi | J1: Oluşturan
A2: 150060283 | B2: 405 B, BRAKET A SOL AVRUPA | C2: 44967.399 | D2: 44967 | E2: OR | F2: Giriş | G2: Kullanılabilir | H2: 20 | I2: AD | J2: IASBATCH
A3: 150060283 | B3: 405 B, BRAKET A SOL AVRUPA | C3: 44967.399 | D3: 44967 | E3: OR | F3: Giriş | G3: Kullanılabilir | H3: 20 | I3: AD | J3: IASBATCH
A4: 150060283 | B4: 405 B, BRAKET A SOL AVRUPA | C4: 44967.399 | D4: 44967 | E4: OR | F4: Giriş | G4: Kullanılabilir | H4: 20 | I4: AD | J4: IASBATCH
A5: 150060283 | B5: 405 B, BRAKET A SOL AVRUPA | C5: 44967.399 | D5: 44967 | E5: OR | F5: Giriş | G5: Kullanılabilir | H5: 15 | I5: AD | J5: IASBATCH
A6: 150060283 | B6: 405 B, BRAKET A SOL AVRUPA | C6: 44967.416 | D6: 44967 | E6: OR | F6: Giriş | G6: Kullanılabilir | H6: 20 | I6: AD | J6: IASBATCH
A7: 150060283 | B7: 405 B, BRAKET A SOL AVRUPA | C7: 44967.447 | D7: 44967 | E7: OR | F7: Giriş | G7: Kullanılabilir | H7: 20 | I7: AD | J7: IASBATCH
A8: 150060283 | B8: 405 B, BRAKET A SOL AVRUPA | C8: 44967.447 | D8: 44967 | E8: OR | F8: Giriş | G8: Kullanılabilir | H8: 20 | I8: AD | J8: IASBATCH
A9: 150060283 | B9: 405 B, BRAKET A SOL AVRUPA | C9: 44967.447 | D9: 44967 | E9: OR | F9: Giriş | G9: Kullanılabilir | H9: 20 | I9: AD | J9: IASBATCH
A10: 150060283 | B10: 405 B, BRAKET A SOL AVRUPA | C10: 44967.471 | D10: 44967 | E10: OR | F10: Giriş | G10: Kullanılabilir | H10: 20 | I10: AD | J10: IASBATCH
A11: 150060283 | B11: 405 B, BRAKET A SOL AVRUPA | C11: 44967.471 | D11: 44967 | E11: OR | F11: Giriş | G11: Kullanılabilir | H11: 20 | I11: AD | J11: IASBATCH
A12: 150060283 | B12: 405 B, BRAKET A SOL AVRUPA | C12: 44967.489 | D12: 44967 | E12: OR | F12: Giriş | G12: Kullanılabilir | H12: 20 | I12: AD | J12: IASBATCH
A13: 150060283 | B13: 405 B, BRAKET A SOL AVRUPA | C13: 44967.496 | D13: 44967 | E13: OR | F13: Giriş | G13: Kullanılabilir | H13: 20 | I13: AD | J13: IASBATCH
... A256: 150061858 | B256: Lens 3500 LED SML/SRS WAAGR | C256: 44967.746 | D256: 44967 | E256: OR | F256: Giriş | G256: Kullanılabilir | H256: 192 | I256: AD | J256: IASBATCH

Sheet 1
A1: 46174 | H1: Genel Verimlilik | N1: =E45/D51 -> #N/A | P1: ANA SAYFA
A2: =TEXT(A1,"gggg") -> Pazartesi
C3: TOPLAM ÜRETİM | D3: =D45 -> 8900
A4: S.No | B4: P. Kod | C4: Ürün Tanımı | D4: Ürt. Adt | E4: Std. Süre Dk | G4: SAP Rjm Fire Adt | H4: Fire % | I4: SAP Std Fire % | K4: Std T.Süresi (Dk) | L4: Gerçekleşen Toplam Süre | M4: Kayıp Zamanlar Toplamı | N4: Ürün Performansı | O4: İşçilik Performansı | P4: Açıklama
A5: 1 | B5: 76 | C5: =IF(ISBLANK(B5),"",VLOOKUP(B5,SÜRELER!$A:$B,2,FALSE)) -> #N/A | D5: 442 | E5: =IF(ISBLANK($B5),"0",VLOOKUP($B5,SÜRELER!$A:$C,3,FALSE))*(D5-F5) -> #N/A | F5: 36 | G5: =VLOOKUP(B5,'R.H.'!A$3:C$3974,3,FALSE)*D5/100 -> #N/A | H5: =F5/D5 -> 0.081447964 | I5: =VLOOKUP(B5,'R.H.'!A$3:C$3974,3,FALSE)/100 -> #N/A | J5: 1 | K5: =E5/J5 -> #N/A | L5: 370 | N5: =K5/L5 -> #N/A | O5: =K5/(L5-M5) -> #N/A
A6: 2 | B6: 75 | C6: =IF(ISBLANK(B6),"",VLOOKUP(B6,SÜRELER!$A:$B,2,FALSE)) -> #N/A | D6: 190 | E6: =IF(ISBLANK($B6),"0",VLOOKUP($B6,SÜRELER!$A:$C,3,FALSE))*(D6-F6) -> #N/A | F6: 8 | G6: =VLOOKUP(B6,'R.H.'!A$3:C$3974,3,FALSE)*D6/100 -> #N/A | H6: =F6/D6 -> 0.042105263 | I6: =VLOOKUP(B6,'R.H.'!A$3:C$3974,3,FALSE)/100 -> #N/A | J6: 1 | K6: =E6/J6 -> #N/A | L6: 170 | N6: =K6/L6 -> #N/A | O6: =K6/(L6-M6) -> #N/A | P6: KROM BEZEL İTİCİ PİM ARZASI
A7: 3 | B7: 89 | C7: =IF(ISBLANK(B7),"",VLOOKUP(B7,SÜRELER!$A:$B,2,FALSE)) -> #N/A | D7: 292 | E7: =IF(ISBLANK($B7),"0",VLOOKUP($B7,SÜRELER!$A:$C,3,FALSE))*(D7-F7) -> #N/A | F7: 4 | G7: =VLOOKUP(B7,'R.H.'!A$3:C$3974,3,FALSE)*D7/100 -> #N/A | H7: =F7/D7 -> 0.01369863 | I7: =VLOOKUP(B7,'R.H.'!A$3:C$3974,3,FALSE)/100 -> #N/A | J7: 1 | K7: =E7/J7 -> #N/A | L7: 200 | N7: =K7/L7 -> #N/A | O7: =K7/(L7-M7) -> #N/A | P7: H566 SİS GÖVDE KALIP MAÇA ARZASI
A8: 4 | B8: 90 | C8: =IF(ISBLANK(B8),"",VLOOKUP(B8,SÜRELER!$A:$B,2,FALSE)) -> #N/A | D8: 292 | E8: =IF(ISBLANK($B8),"0",VLOOKUP($B8,SÜRELER!$A:$C,3,FALSE))*(D8-F8) -> #N/A | F8: 4 | G8: =VLOOKUP(B8,'R.H.'!A$3:C$3974,3,FALSE)*D8/100 -> #N/A | H8: =F8/D8 -> 0.01369863 | I8: =VLOOKUP(B8,'R.H.'!A$3:C$3974,3,FALSE)/100 -> #N/A | J8: 1 | K8: =E8/J8 -> #N/A | L8: 200 | N8: =K8/L8 -> #N/A | O8: =K8/(L8-M8) -> #N/A
A9: 5 | B9: 200 | C9: =IF(ISBLANK(B9),"",VLOOKUP(B9,SÜRELER!$A:$B,2,FALSE)) -> #N/A | D9: =740+761 -> 1501 | E9: =IF(ISBLANK($B9),"0",VLOOKUP($B9,SÜRELER!$A:$C,3,FALSE))*(D9-F9) -> #N/A | F9: 5 | G9: =VLOOKUP(B9,'R.H.'!A$3:C$3974,3,FALSE)*D9/100 -> #N/A | H9: =F9/D9 -> 0.0033311126 | I9: =VLOOKUP(B9,'R.H.'!A$3:C$3974,3,FALSE)/100 -> #N/A | J9: 1 | K9: =E9/J9 -> #N/A | L9: 800 | N9: =K9/L9 -> #N/A | O9: =K9/(L9-M9) -> #N/A
A10: 6 | B10: 2077 | C10: =IF(ISBLANK(B10),"",VLOOKUP(B10,SÜRELER!$A:$B,2,FALSE)) -> #N/A | D10: 200 | E10: =IF(ISBLANK($B10),"0",VLOOKUP($B10,SÜRELER!$A:$C,3,FALSE))*(D10-F10) -> #N/A | F10: 0 | G10: =VLOOKUP(B10,'R.H.'!A$3:C$3974,3,FALSE)*D10/100 -> #N/A | H10: =F10/D10 -> 0 | I10: =VLOOKUP(B10,'R.H.'!A$3:C$3974,3,FALSE)/100 -> #N/A | J10: 1 | K10: =E10/J10 -> #N/A | L10: 205 | N10: =K10/L10 -> #N/A | O10: =K10/(L10-M10) -> #N/A
A11: 7 | B11: 1339 | C11: =IF(ISBLANK(B11),"",VLOOKUP(B11,SÜRELER!$A:$B,2,FALSE)) -> #N/A | D11: 50 | E11: =IF(ISBLANK($B11),"0",VLOOKUP($B11,SÜRELER!$A:$C,3,FALSE))*(D11-F11) -> #N/A | F11: 0 | G11: =VLOOKUP(B11,'R.H.'!A$3:C$3974,3,FALSE)*D11/100 -> #N/A | H11: =F11/D11 -> 0 | I11: =VLOOKUP(B11,'R.H.'!A$3:C$3974,3,FALSE)/100 -> #N/A | J11: 1 | K11: =E11/J11 -> #N/A | L11: 52 | N11: =K11/L11 -> #N/A | O11: =K11/(L11-M11) -> #N/A
A12: 8 | B12: 248 | C12: =IF(ISBLANK(B12),"",VLOOKUP(B12,SÜRELER!$A:$B,2,FALSE)) -> #N/A | D12: =99+495 -> 594 | E12: =IF(ISBLANK($B12),"0",VLOOKUP($B12,SÜRELER!$A:$C,3,FALSE))*(D12-F12) -> #N/A | F12: 0 | G12: =VLOOKUP(B12,'R.H.'!A$3:C$3974,3,FALSE)*D12/100 -> #N/A | H12: =F12/D12 -> 0 | I12: =VLOOKUP(B12,'R.H.'!A$3:C$3974,3,FALSE)/100 -> #N/A | J12: 0.5 | K12: =E12/J12 -> #N/A | L12: 560 | N12: =K12/L12 -> #N/A | O12: =K12/(L12-M12) -> #N/A
A13: 9 | B13: 249 | C13: =IF(ISBLANK(B13),"",VLOOKUP(B13,SÜRELER!$A:$B,2,FALSE)) -> #N/A | D13: 594 | E13: =IF(ISBLANK($B13),"0",VLOOKUP($B13,SÜRELER!$A:$C,3,FALSE))*(D13-F13) -> #N/A | F13: 0 | G13: =VLOOKUP(B13,'R.H.'!A$3:C$3974,3,FALSE)*D13/100 -> #N/A | H13: =F13/D13 -> 0 | I13: =VLOOKUP(B13,'R.H.'!A$3:C$3974,3,FALSE)/100 -> #N/A | J13: 0.5 | K13: =E13/J13 -> #N/A | L13: 560 | N13: =K13/L13 -> #N/A | O13: =K13/(L13-M13) -> #N/A
A14: 10 | B14: 712 | C14: =IF(ISBLANK(B14),"",VLOOKUP(B14,SÜRELER!$A:$B,2,FALSE)) -> #N/A | D14: =298+307 -> 605 | E14: =IF(ISBLANK($B14),"0",VLOOKUP($B14,SÜRELER!$A:$C,3,FALSE))*(D14-F14) -> #N/A | F14: 11 | G14: =VLOOKUP(B14,'R.H.'!A$3:C$3974,3,FALSE)*D14/100 -> #N/A | H14: =F14/D14 -> 0.018181818 | I14: =VLOOKUP(B14,'R.H.'!A$3:C$3974,3,FALSE)/100 -> #N/A | J14: 0.5 | K14: =E14/J14 -> #N/A | L14: 800 | N14: =K14/L14 -> #N/A | O14: =K14/(L14-M14) -> #N/A
A15: 11 | B15: 712 | C15: =IF(ISBLANK(B15),"",VLOOKUP(B15,SÜRELER!$A:$B,2,FALSE)) -> #N/A | D15: 605 | E15: =IF(ISBLANK($B15),"0",VLOOKUP($B15,SÜRELER!$A:$C,3,FALSE))*(D15-F15) -> #N/A | F15: 11 | G15: =VLOOKUP(B15,'R.H.'!A$3:C$3974,3,FALSE)*D15/100 -> #N/A | H15: =F15/D15 -> 0.018181818 | I15: =VLOOKUP(B15,'R.H.'!A$3:C$3974,3,FALSE)/100 -> #N/A | J15: 0.5 | K15: =E15/J15 -> #N/A | L15: 800 | N15: =K15/L15 -> #N/A | O15: =K15/(L15-M15) -> #N/A
A16: 12 | B16: 472 | C16: =IF(ISBLANK(B16),"",VLOOKUP(B16,SÜRELER!$A:$B,2,FALSE)) -> #N/A | D16: 168 | E16: =IF(ISBLANK($B16),"0",VLOOKUP($B16,SÜRELER!$A:$C,3,FALSE))*(D16-F16) -> #N/A | F16: 0 | G16: =VLOOKUP(B16,'R.H.'!A$3:C$3974,3,FALSE)*D16/100 -> #N/A | H16: =F16/D16 -> 0 | I16: =VLOOKUP(B16,'R.H.'!A$3:C$3974,3,FALSE)/100 -> #N/A | J16: 0.5 | K16: =E16/J16 -> #N/A | L16: 130 | N16: =K16/L16 -> #N/A | O16: =K16/(L16-M16) -> #N/A
A17: 13 | B17: 473 | C17: =IF(ISBLANK(B17),"",VLOOKUP(B17,SÜRELER!$A:$B,2,FALSE)) -> #N/A | D17: 168 | E17: =IF(ISBLANK($B17),"0",VLOOKUP($B17,SÜRELER!$A:$C,3,FALSE))*(D17-F17) -> #N/A | F17: 0 | G17: =VLOOKUP(B17,'R.H.'!A$3:C$3974,3,FALSE)*D17/100 -> #N/A | H17: =F17/D17 -> 0 | I17: =VLOOKUP(B17,'R.H.'!A$3:C$3974,3,FALSE)/100 -> #N/A | J17: 0.5 | K17: =E17/J17 -> #N/A | L17: 130 | N17: =K17/L17 -> #N/A | O17: =K17/(L17-M17) -> #N/A
A18: 14 | B18: 710 | C18: =IF(ISBLANK(B18),"",VLOOKUP(B18,SÜRELER!$A:$B,2,FALSE)) -> #N/A | D18: =169+339 -> 508 | E18: =IF(ISBLANK($B18),"0",VLOOKUP($B18,SÜRELER!$A:$C,3,FALSE))*(D18-F18) -> #N/A | F18: 4 | G18: =VLOOKUP(B18,'R.H.'!A$3:C$3974,3,FALSE)*D18/100 -> #N/A | H18: =F18/D18 -> 0.0078740157 | I18: =VLOOKUP(B18,'R.H.'!A$3:C$3974,3,FALSE)/100 -> #N/A | J18: 0.5 | K18: =E18/J18 -> #N/A | L18: 550 | N18: =K18/L18 -> #N/A | O18: =K18/(L18-M18) -> #N/A
A19: 15 | B19: 711 | C19: =IF(ISBLANK(B19),"",VLOOKUP(B19,SÜRELER!$A:$B,2,FALSE)) -> #N/A | D19: 508 | E19: =IF(ISBLANK($B19),"0",VLOOKUP($B19,SÜRELER!$A:$C,3,FALSE))*(D19-F19) -> #N/A | F19: 4 | G19: =VLOOKUP(B19,'R.H.'!A$3:C$3974,3,FALSE)*D19/100 -> #N/A | H19: =F19/D19 -> 0.0078740157 | I19: =VLOOKUP(B19,'R.H.'!A$3:C$3974,3,FALSE)/100 -> #N/A | J19: 0.5 | K19: =E19/J19 -> #N/A | L19: 550 | N19: =K19/L19 -> #N/A | O19: =K19/(L19-M19) -> #N/A
A20: 16 | B20: 2100 | C20: =IF(ISBLANK(B20),"",VLOOKUP(B20,SÜRELER!$A:$B,2,FALSE)) -> #N/A | D20: =46+232 -> 278 | E20: =IF(ISBLANK($B20),"0",VLOOKUP($B20,SÜRELER!$A:$C,3,FALSE))*(D20-F20) -> #N/A | F20: 8 | G20: =VLOOKUP(B20,'R.H.'!A$3:C$3974,3,FALSE)*D20/100 -> #N/A | H20: =F20/D20 -> 0.028776978 | I20: =VLOOKUP(B20,'R.H.'!A$3:C$3974,3,FALSE)/100 -> #N/A | J20: 0.5 | K20: =E20/J20 -> #N/A | L20: 330 | N20: =K20/L20 -> #N/A | O20: =K20/(L20-M20) -> #N/A
A21: 17 | B21: 2101 | C21: =IF(ISBLANK(B21),"",VLOOKUP(B21,SÜRELER!$A:$B,2,FALSE)) -> #N/A | D21: 278 | E21: =IF(ISBLANK($B21),"0",VLOOKUP($B21,SÜRELER!$A:$C,3,FALSE))*(D21-F21) -> #N/A | F21: 8 | G21: =VLOOKUP(B21,'R.H.'!A$3:C$3974,3,FALSE)*D21/100 -> #N/A | H21: =F21/D21 -> 0.028776978 | I21: =VLOOKUP(B21,'R.H.'!A$3:C$3974,3,FALSE)/100 -> #N/A | J21: 0.5 | K21: =E21/J21 -> #N/A | L21: 330 | N21: =K21/L21 -> #N/A | O21: =K21/(L21-M21) -> #N/A
A22: 18 | B22: 1131 | C22: =IF(ISBLANK(B22),"",VLOOKUP(B22,SÜRELER!$A:$B,2,FALSE)) -> #N/A | D22: 827 | E22: =IF(ISBLANK($B22),"0",VLOOKUP($B22,SÜRELER!$A:$C,3,FALSE))*(D22-F22) -> #N/A | F22: 8 | G22: =VLOOKUP(B22,'R.H.'!A$3:C$3974,3,FALSE)*D22/100 -> #N/A | H22: =F22/D22 -> 0.0096735187 | I22: =VLOOKUP(B22,'R.H.'!A$3:C$3974,3,FALSE)/100 -> #N/A | J22: 0.5 | K22: =E22/J22 -> #N/A | L22: 545 | N22: =K22/L22 -> #N/A | O22: =K22/(L22-M22) -> #N/A
A23: 19 | B23: 9110 | C23: =IF(ISBLANK(B23),"",VLOOKUP(B23,SÜRELER!$A:$B,2,FALSE)) -> #N/A | D23: 400 | E23: =IF(ISBLANK($B23),"0",VLOOKUP($B23,SÜRELER!$A:$C,3,FALSE))*(D23-F23) -> #N/A | F23: 0 | G23: =VLOOKUP(B23,'R.H.'!A$3:C$3974,3,FALSE)*D23/100 -> #N/A | H23: =F23/D23 -> 0 | I23: =VLOOKUP(B23,'R.H.'!A$3:C$3974,3,FALSE)/100 -> #N/A | J23: 0.5 | K23: =E23/J23 -> #N/A | L23: 330 | N23: =K23/L23 -> #N/A | O23: =K23/(L23-M23) -> #N/A
A24: 20 | B24: 9120 | C24: =IF(ISBLANK(B24),"",VLOOKUP(B24,SÜRELER!$A:$B,2,FALSE)) -> #N/A | D24: 400 | E24: =IF(ISBLANK($B24),"0",VLOOKUP($B24,SÜRELER!$A:$C,3,FALSE))*(D24-F24) -> #N/A | F24: 0 | G24: =VLOOKUP(B24,'R.H.'!A$3:C$3974,3,FALSE)*D24/100 -> #N/A | H24: =F24/D24 -> 0 | I24: =VLOOKUP(B24,'R.H.'!A$3:C$3974,3,FALSE)/100 -> #N/A | J24: 0.5 | K24: =E24/J24 -> #N/A | L24: 330 | N24: =K24/L24 -> #N/A | O24: =K24/(L24-M24) -> #N/A
A25: 21 | C25: =IF(ISBLANK(B25),"",VLOOKUP(B25,SÜRELER!$A:$B,2,FALSE)) | E25: =IF(ISBLANK($B25),"0",VLOOKUP($B25,SÜRELER!$A:$C,3,FALSE))*(D25-F25) -> 0 | G25: =VLOOKUP(B25,'R.H.'!A$3:C$3974,3,FALSE)*D25/100 -> #N/A | H25: =F25/D25 -> #DIV/0! | I25: =VLOOKUP(B25,'R.H.'!A$3:C$3974,3,FALSE)/100 -> #N/A | K25: =E25/J25 -> #DIV/0! | N25: =K25/L25 -> #DIV/0! | O25: =K25/(L25-M25) -> #DIV/0!
A26: 22 | C26: =IF(ISBLANK(B26),"",VLOOKUP(B26,SÜRELER!$A:$B,2,FALSE)) | E26: =IF(ISBLANK($B26),"0",VLOOKUP($B26,SÜRELER!$A:$C,3,FALSE))*(D26-F26) -> 0 | G26: =VLOOKUP(B26,'R.H.'!A$3:C$3974,3,FALSE)*D26/100 -> #N/A | H26: =F26/D26 -> #DIV/0! | I26: =VLOOKUP(B26,'R.H.'!A$3:C$3974,3,FALSE)/100 -> #N/A | K26: =E26/J26 -> #DIV/0! | N26: =K26/L26 -> #DIV/0! | O26: =K26/(L26-M26) -> #DIV/0!
A27: 23 | C27: =IF(ISBLANK(B27),"",VLOOKUP(B27,SÜRELER!$A:$B,2,FALSE)) | E27: =IF(ISBLANK($B27),"0",VLOOKUP($B27,SÜRELER!$A:$C,3,FALSE))*(D27-F27) -> 0 | G27: =VLOOKUP(B27,'R.H.'!A$3:C$3974,3,FALSE)*D27/100 -> #N/A | H27: =F27/D27 -> #DIV/0! | I27: =VLOOKUP(B27,'R.H.'!A$3:C$3974,3,FALSE)/100 -> #N/A | K27: =E27/J27 -> #DIV/0! | N27: =K27/L27 -> #DIV/0! | O27: =K27/(L27-M27) -> #DIV/0!
A28: 24 | C28: =IF(ISBLANK(B28),"",VLOOKUP(B28,SÜRELER!$A:$B,2,FALSE)) | E28: =IF(ISBLANK($B28),"0",VLOOKUP($B28,SÜRELER!$A:$C,3,FALSE))*(D28-F28) -> 0 | G28: =VLOOKUP(B28,'R.H.'!A$3:C$3974,3,FALSE)*D28/100 -> #N/A | H28: =F28/D28 -> #DIV/0! | I28: =VLOOKUP(B28,'R.H.'!A$3:C$3974,3,FALSE)/100 -> #N/A | K28: =E28/J28 -> #DIV/0! | N28: =K28/L28 -> #DIV/0! | O28: =K28/(L28-M28) -> #DIV/0!
A29: 25 | C29: =IF(ISBLANK(B29),"",VLOOKUP(B29,SÜRELER!$A:$B,2,FALSE)) | E29: =IF(ISBLANK($B29),"0",VLOOKUP($B29,SÜRELER!$A:$C,3,FALSE))*(D29-F29) -> 0 | G29: =VLOOKUP(B29,'R.H.'!A$3:C$3974,3,FALSE)*D29/100 -> #N/A | H29: =F29/D29 -> #DIV/0! | I29: =VLOOKUP(B29,'R.H.'!A$3:C$3974,3,FALSE)/100 -> #N/A | K29: =E29/J29 -> #DIV/0! | N29: =K29/L29 -> #DIV/0! | O29: =K29/(L29-M29) -> #DIV/0!
A30: 26 | C30: =IF(ISBLANK(B30),"",VLOOKUP(B30,SÜRELER!$A:$B,2,FALSE)) | E30: =IF(ISBLANK($B30),"0",VLOOKUP($B30,SÜRELER!$A:$C,3,FALSE))*(D30-F30) -> 0 | G30: =VLOOKUP(B30,'R.H.'!A$3:C$3974,3,FALSE)*D30/100 -> #N/A | H30: =F30/D30 -> #DIV/0! | I30: =VLOOKUP(B30,'R.H.'!A$3:C$3974,3,FALSE)/100 -> #N/A | K30: =E30/J30 -> #DIV/0! | N30: =K30/L30 -> #DIV/0! | O30: =K30/(L30-M30) -> #DIV/0!
A31: 27 | C31: =IF(ISBLANK(B31),"",VLOOKUP(B31,SÜRELER!$A:$B,2,FALSE)) | E31: =IF(ISBLANK($B31),"0",VLOOKUP($B31,SÜRELER!$A:$C,3,FALSE))*(D31-F31) -> 0 | G31: =VLOOKUP(B31,'R.H.'!A$3:C$3974,3,FALSE)*D31/100 -> #N/A | H31: =F31/D31 -> #DIV/0! | I31: =VLOOKUP(B31,'R.H.'!A$3:C$3974,3,FALSE)/100 -> #N/A | K31: =E31/J31 -> #DIV/0! | N31: =K31/L31 -> #DIV/0! | O31: =K31/(L31-M31) -> #DIV/0!
A32: 28 | C32: =IF(ISBLANK(B32),"",VLOOKUP(B32,SÜRELER!$A:$B,2,FALSE)) | E32: =IF(ISBLANK($B32),"0",VLOOKUP($B32,SÜRELER!$A:$C,3,FALSE))*(D32-F32) -> 0 | G32: =VLOOKUP(B32,'R.H.'!A$3:C$3974,3,FALSE)*D32/100 -> #N/A | H32: =F32/D32 -> #DIV/0! | I32: =VLOOKUP(B32,'R.H.'!A$3:C$3974,3,FALSE)/100 -> #N/A | K32: =E32/J32 -> #DIV/0! | N32: =K32/L32 -> #DIV/0! | O32: =K32/(L32-M32) -> #DIV/0!
A33: 29 | C33: =IF(ISBLANK(B33),"",VLOOKUP(B33,SÜRELER!$A:$B,2,FALSE)) | E33: =IF(ISBLANK($B33),"0",VLOOKUP($B33,SÜRELER!$A:$C,3,FALSE))*(D33-F33) -> 0 | G33: =VLOOKUP(B33,'R.H.'!A$3:C$3974,3,FALSE)*D33/100 -> #N/A | H33: =F33/D33 -> #DIV/0! | I33: =VLOOKUP(B33,'R.H.'!A$3:C$3974,3,FALSE)/100 -> #N/A | K33: =E33/J33 -> #DIV/0! | N33: =K33/L33 -> #DIV/0! | O33: =K33/(L33-M33) -> #DIV/0!
A34: 30 | C34: =IF(ISBLANK(B34),"",VLOOKUP(B34,SÜRELER!$A:$B,2,FALSE)) | E34: =IF(ISBLANK($B34),"0",VLOOKUP($B34,SÜRELER!$A:$C,3,FALSE))*(D34-F34) -> 0 | G34: =VLOOKUP(B34,'R.H.'!A$3:C$3974,3,FALSE)*D34/100 -> #N/A | H34: =F34/D34 -> #DIV/0! | I34: =VLOOKUP(B34,'R.H.'!A$3:C$3974,3,FALSE)/100 -> #N/A | K34: =E34/J34 -> #DIV/0! | N34: =K34/L34 -> #DIV/0! | O34: =K34/(L34-M34) -> #DIV/0!
A35: 31 | C35: =IF(ISBLANK(B35),"",VLOOKUP(B35,SÜRELER!$A:$B,2,FALSE)) | E35: =IF(ISBLANK($B35),"0",VLOOKUP($B35,SÜRELER!$A:$C,3,FALSE))*(D35-F35) -> 0 | G35: =VLOOKUP(B35,'R.H.'!A$3:C$3974,3,FALSE)*D35/100 -> #N/A | H35: =F35/D35 -> #DIV/0! | I35: =VLOOKUP(B35,'R.H.'!A$3:C$3974,3,FALSE)/100 -> #N/A | K35: =E35/J35 -> #DIV/0! | N35: =K35/L35 -> #DIV/0! | O35: =K35/(L35-M35) -> #DIV/0!
A36: 32 | C36: =IF(ISBLANK(B36),"",VLOOKUP(B36,SÜRELER!$A:$B,2,FALSE)) | E36: =IF(ISBLANK($B36),"0",VLOOKUP($B36,SÜRELER!$A:$C,3,FALSE))*(D36-F36) -> 0 | G36: =VLOOKUP(B36,'R.H.'!A$3:C$3974,3,FALSE)*D36/100 -> #N/A | H36: =F36/D36 -> #DIV/0! | I36: =VLOOKUP(B36,'R.H.'!A$3:C$3974,3,FALSE)/100 -> #N/A | K36: =E36/J36 -> #DIV/0! | N36: =K36/L36 -> #DIV/0! | O36: =K36/(L36-M36) -> #DIV/0!
... A44: 40 | C44: =IF(ISBLANK(B44),"",VLOOKUP(B44,SÜRELER!$A:$B,2,FALSE)) | E44: =IF(ISBLANK($B44),"0",VLOOKUP($B44,SÜRELER!$A:$C,3,FALSE))*(D44-F44) -> 0 | G44: =VLOOKUP(B44,'R.H.'!A$3:C$3974,3,FALSE)*D44/100 -> #N/A | H44: =F44/D44 -> #DIV/0! | I44: =VLOOKUP(B44,'R.H.'!A$3:C$3974,3,FALSE)/100 -> #N/A | K44: =E44/J44 -> #DIV/0! | N44: =K44/L44 -> #DIV/0! | O44: =K44/(L44-M44) -> #DIV/0!
D45: =SUM(D5:D44) -> 8900 | E45: =SUM(E5:E44) -> #N/A | F45: =SUM(F5:F44) -> 111 | L45: =SUM(L5:L44) -> 7942 | M45: =SUM(M5:M44) -> 0
D46: % | E46: =F45/D45*100 -> 1.247191
C49: Eleman Sayısı : | D49: 4
C50: Vardiyadaki Personel Sayısı : | D50: 7.2
C51: Tplm K. Kapasite : | D51: =(IF(A2="Cuma",D49*470,D49*520))+(D50*430) -> 5176
C52: Dış Bölüm/Görev :
C53: Duruş (Arıza, Mlz.Bekl,Set-up…) : | D53: 300
C54: Eğitim / İdari :
C55: Tedarikçi kaynaklı kayıp :
C56: Deneme :
C57: İş Tekrarı :
C58: Gerçek Kapasite : | D58: =D51-SUM(D52:E57) -> 4876
C59: DURUŞLARIN TOPLAMI | D59: =SUM(D52:D56) -> 300
D62: PLAN | E62: GERÇEKLEŞEN | F62: FİRE | G62: FİRE ORANI | H62: DURUŞ | I62: %
D63: =E63/I63 -> #N/A | E63: =D45 -> 8900 | F63: =F45 -> 111 | G63: =(F63*1000000)/E63 -> 12471.91 | H63: =D59 -> 300 | I63: =N1 -> #N/A

Sheet 2
A1: 46205 | H1: Genel Verimlilik | N1: =E45/D51 -> #N/A | P1: ANA SAYFA
A2: =TEXT(A1,"gggg") -> Perşembe
C3: TOPLAM ÜRETİM | D3: =D45 -> 15480
A4: S.No | B4: P. Kod | C4: Ürün Tanımı | D4: Ürt. Adt | E4: Std. Süre Dk | G4: SAP Rjm Fire Adt | H4: Fire % | I4: SAP Std Fire % | K4: Std T.Süresi (Dk) | L4: Gerçekleşen Toplam Süre | M4: Kayıp Zamanlar Toplamı | N4: Ürün Performansı | O4: İşçilik Performansı | P4: Açıklama
A5: 1 | B5: 76 | C5: =IF(ISBLANK(B5),"",VLOOKUP(B5,SÜRELER!$A:$B,2,FALSE)) -> #N/A | D5: 406 | E5: =IF(ISBLANK($B5),"0",VLOOKUP($B5,SÜRELER!$A:$C,3,FALSE))*(D5-F5) -> #N/A | F5: 10 | G5: =VLOOKUP(B5,'R.H.'!A$3:C$3974,3,FALSE)*D5/100 -> #N/A | H5: =F5/D5 -> 0.024630542 | I5: =VLOOKUP(B5,'R.H.'!A$3:C$3974,3,FALSE)/100 -> #N/A | J5: 1 | K5: =E5/J5 -> #N/A | L5: 340 | N5: =K5/L5 -> #N/A | O5: =K5/(L5-M5) -> #N/A
A6: 2 | B6: 75 | C6: =IF(ISBLANK(B6),"",VLOOKUP(B6,SÜRELER!$A:$B,2,FALSE)) -> #N/A | D6: 336 | E6: =IF(ISBLANK($B6),"0",VLOOKUP($B6,SÜRELER!$A:$C,3,FALSE))*(D6-F6) -> #N/A | F6: 6 | G6: =VLOOKUP(B6,'R.H.'!A$3:C$3974,3,FALSE)*D6/100 -> #N/A | H6: =F6/D6 -> 0.017857143 | I6: =VLOOKUP(B6,'R.H.'!A$3:C$3974,3,FALSE)/100 -> #N/A | J6: 1 | K6: =E6/J6 -> #N/A | L6: 280 | N6: =K6/L6 -> #N/A | O6: =K6/(L6-M6) -> #N/A
A7: 3 | B7: 2076 | C7: =IF(ISBLANK(B7),"",VLOOKUP(B7,SÜRELER!$A:$B,2,FALSE)) -> #N/A | D7: 1990 | E7: =IF(ISBLANK($B7),"0",VLOOKUP($B7,SÜRELER!$A:$C,3,FALSE))*(D7-F7) -> #N/A | F7: 5 | G7: =VLOOKUP(B7,'R.H.'!A$3:C$3974,3,FALSE)*D7/100 -> #N/A | H7: =F7/D7 -> 0.0025125628 | I7: =VLOOKUP(B7,'R.H.'!A$3:C$3974,3,FALSE)/100 -> #N/A | J7: 1 | K7: =E7/J7 -> #N/A | L7: 1180 | N7: =K7/L7 -> #N/A | O7: =K7/(L7-M7) -> #N/A
A8: 4 | B8: 248 | C8: =IF(ISBLANK(B8),"",VLOOKUP(B8,SÜRELER!$A:$B,2,FALSE)) -> #N/A | D8: 972 | E8: =IF(ISBLANK($B8),"0",VLOOKUP($B8,SÜRELER!$A:$C,3,FALSE))*(D8-F8) -> #N/A | F8: 0 | G8: =VLOOKUP(B8,'R.H.'!A$3:C$3974,3,FALSE)*D8/100 -> #N/A | H8: =F8/D8 -> 0 | I8: =VLOOKUP(B8,'R.H.'!A$3:C$3974,3,FALSE)/100 -> #N/A | J8: 0.5 | K8: =E8/J8 -> #N/A | L8: 935 | N8: =K8/L8 -> #N/A | O8: =K8/(L8-M8) -> #N/A
A9: 5 | B9: 249 | C9: =IF(ISBLANK(B9),"",VLOOKUP(B9,SÜRELER!$A:$B,2,FALSE)) -> #N/A | D9: 972 | E9: =IF(ISBLANK($B9),"0",VLOOKUP($B9,SÜRELER!$A:$C,3,FALSE))*(D9-F9) -> #N/A | F9: 0 | G9: =VLOOKUP(B9,'R.H.'!A$3:C$3974,3,FALSE)*D9/100 -> #N/A | H9: =F9/D9 -> 0 | I9: =VLOOKUP(B9,'R.H.'!A$3:C$3974,3,FALSE)/100 -> #N/A | J9: 0.5 | K9: =E9/J9 -> #N/A | L9: 935 | N9: =K9/L9 -> #N/A | O9: =K9/(L9-M9) -> #N/A
A10: 6 | B10: 742 | C10: =IF(ISBLANK(B10),"",VLOOKUP(B10,SÜRELER!$A:$B,2,FALSE)) -> #N/A | D10: =394+50 -> 444 | E10: =IF(ISBLANK($B10),"0",VLOOKUP($B10,SÜRELER!$A:$C,3,FALSE))*(D10-F10) -> #N/A | F10: 0 | G10: =VLOOKUP(B10,'R.H.'!A$3:C$3974,3,FALSE)*D10/100 -> #N/A | H10: =F10/D10 -> 0 | I10: =VLOOKUP(B10,'R.H.'!A$3:C$3974,3,FALSE)/100 -> #N/A | J10: 0.5 | K10: =E10/J10 -> #N/A | L10: 380 | N10: =K10/L10 -> #N/A | O10: =K10/(L10-M10) -> #N/A
A11: 7 | B11: 743 | C11: =IF(ISBLANK(B11),"",VLOOKUP(B11,SÜRELER!$A:$B,2,FALSE)) -> #N/A | D11: 444 | E11: =IF(ISBLANK($B11),"0",VLOOKUP($B11,SÜRELER!$A:$C,3,FALSE))*(D11-F11) -> #N/A | F11: 0 | G11: =VLOOKUP(B11,'R.H.'!A$3:C$3974,3,FALSE)*D11/100 -> #N/A | H11: =F11/D11 -> 0 | I11: =VLOOKUP(B11,'R.H.'!A$3:C$3974,3,FALSE)/100 -> #N/A | J11: 0.5 | K11: =E11/J11 -> #N/A | L11: 380 | N11: =K11/L11 -> #N/A | O11: =K11/(L11-M11) -> #N/A
A12: 8 | B12: 9110 | C12: =IF(ISBLANK(B12),"",VLOOKUP(B12,SÜRELER!$A:$B,2,FALSE)) -> #N/A | D12: 300 | E12: =IF(ISBLANK($B12),"0",VLOOKUP($B12,SÜRELER!$A:$C,3,FALSE))*(D12-F12) -> #N/A | F12: 0 | G12: =VLOOKUP(B12,'R.H.'!A$3:C$3974,3,FALSE)*D12/100 -> #N/A | H12: =F12/D12 -> 0 | I12: =VLOOKUP(B12,'R.H.'!A$3:C$3974,3,FALSE)/100 -> #N/A | J12: 2 | K12: =E12/J12 -> #N/A | L12: 80 | N12: =K12/L12 -> #N/A | O12: =K12/(L12-M12) -> #N/A | P12: W204 EKT SENSÖR ARZASI
A13: 9 | B13: 9120 | C13: =IF(ISBLANK(B13),"",VLOOKUP(B13,SÜRELER!$A:$B,2,FALSE)) -> #N/A | D13: 300 | E13: =IF(ISBLANK($B13),"0",VLOOKUP($B13,SÜRELER!$A:$C,3,FALSE))*(D13-F13) -> #N/A | F13: 0 | G13: =VLOOKUP(B13,'R.H.'!A$3:C$3974,3,FALSE)*D13/100 -> #N/A | H13: =F13/D13 -> 0 | I13: =VLOOKUP(B13,'R.H.'!A$3:C$3974,3,FALSE)/100 -> #N/A | J13: 2 | K13: =E13/J13 -> #N/A | L13: 80 | N13: =K13/L13 -> #N/A | O13: =K13/(L13-M13) -> #N/A
A14: 10 | B14: 1908 | C14: =IF(ISBLANK(B14),"",VLOOKUP(B14,SÜRELER!$A:$B,2,FALSE)) -> #N/A | D14: 1024 | E14: =IF(ISBLANK($B14),"0",VLOOKUP($B14,SÜRELER!$A:$C,3,FALSE))*(D14-F14) -> #N/A | F14: 0 | G14: =VLOOKUP(B14,'R.H.'!A$3:C$3974,3,FALSE)*D14/100 -> #N/A | H14: =F14/D14 -> 0 | I14: =VLOOKUP(B14,'R.H.'!A$3:C$3974,3,FALSE)/100 -> #N/A | J14: 0.5 | K14: =E14/J14 -> #N/A | L14: 1195 | N14: =K14/L14 -> #N/A | O14: =K14/(L14-M14) -> #N/A
A15: 11 | B15: 1909 | C15: =IF(ISBLANK(B15),"",VLOOKUP(B15,SÜRELER!$A:$B,2,FALSE)) -> #N/A | D15: 1024 | E15: =IF(ISBLANK($B15),"0",VLOOKUP($B15,SÜRELER!$A:$C,3,FALSE))*(D15-F15) -> #N/A | F15: 0 | G15: =VLOOKUP(B15,'R.H.'!A$3:C$3974,3,FALSE)*D15/100 -> #N/A | H15: =F15/D15 -> 0 | I15: =VLOOKUP(B15,'R.H.'!A$3:C$3974,3,FALSE)/100 -> #N/A | J15: 0.5 | K15: =E15/J15 -> #N/A | L15: 1195 | N15: =K15/L15 -> #N/A | O15: =K15/(L15-M15) -> #N/A
A16: 12 | B16: 2189 | C16: =IF(ISBLANK(B16),"",VLOOKUP(B16,SÜRELER!$A:$B,2,FALSE)) -> #N/A | D16: =325+96 -> 421 | E16: =IF(ISBLANK($B16),"0",VLOOKUP($B16,SÜRELER!$A:$C,3,FALSE))*(D16-F16) -> #N/A | F16: 12 | G16: =VLOOKUP(B16,'R.H.'!A$3:C$3974,3,FALSE)*D16/100 -> #N/A | H16: =F16/D16 -> 0.028503563 | I16: =VLOOKUP(B16,'R.H.'!A$3:C$3974,3,FALSE)/100 -> #N/A | J16: 0.5 | K16: =E16/J16 -> #N/A | L16: 250 | N16: =K16/L16 -> #N/A | O16: =K16/(L16-M16) -> #N/A
A17: 13 | B17: 2190 | C17: =IF(ISBLANK(B17),"",VLOOKUP(B17,SÜRELER!$A:$B,2,FALSE)) -> #N/A | D17: 421 | E17: =IF(ISBLANK($B17),"0",VLOOKUP($B17,SÜRELER!$A:$C,3,FALSE))*(D17-F17) -> #N/A | F17: 12 | G17: =VLOOKUP(B17,'R.H.'!A$3:C$3974,3,FALSE)*D17/100 -> #N/A | H17: =F17/D17 -> 0.028503563 | I17: =VLOOKUP(B17,'R.H.'!A$3:C$3974,3,FALSE)/100 -> #N/A | J17: 0.5 | K17: =E17/J17 -> #N/A | L17: 250 | N17: =K17/L17 -> #N/A | O17: =K17/(L17-M17) -> #N/A
A18: 14 | B18: 2191 | C18: =IF(ISBLANK(B18),"",VLOOKUP(B18,SÜRELER!$A:$B,2,FALSE)) -> #N/A | D18: 421 | E18: =IF(ISBLANK($B18),"0",VLOOKUP($B18,SÜRELER!$A:$C,3,FALSE))*(D18-F18) -> #N/A | F18: 12 | G18: =VLOOKUP(B18,'R.H.'!A$3:C$3974,3,FALSE)*D18/100 -> #N/A | H18: =F18/D18 -> 0.028503563 | I18: =VLOOKUP(B18,'R.H.'!A$3:C$3974,3,FALSE)/100 -> #N/A | J18: 0.5 | K18: =E18/J18 -> #N/A | L18: 250 | N18: =K18/L18 -> #N/A | O18: =K18/(L18-M18) -> #N/A
A19: 15 | B19: 2192 | C19: =IF(ISBLANK(B19),"",VLOOKUP(B19,SÜRELER!$A:$B,2,FALSE)) -> #N/A | D19: 421 | E19: =IF(ISBLANK($B19),"0",VLOOKUP($B19,SÜRELER!$A:$C,3,FALSE))*(D19-F19) -> #N/A | F19: 12 | G19: =VLOOKUP(B19,'R.H.'!A$3:C$3974,3,FALSE)*D19/100 -> #N/A | H19: =F19/D19 -> 0.028503563 | I19: =VLOOKUP(B19,'R.H.'!A$3:C$3974,3,FALSE)/100 -> #N/A | J19: 0.5 | K19: =E19/J19 -> #N/A | L19: 250 | N19: =K19/L19 -> #N/A | O19: =K19/(L19-M19) -> #N/A
A20: 16 | B20: 2080 | C20: =IF(ISBLANK(B20),"",VLOOKUP(B20,SÜRELER!$A:$B,2,FALSE)) -> #N/A | D20: =984+420 -> 1404 | E20: =IF(ISBLANK($B20),"0",VLOOKUP($B20,SÜRELER!$A:$C,3,FALSE))*(D20-F20) -> #N/A | F20: 4 | G20: =VLOOKUP(B20,'R.H.'!A$3:C$3974,3,FALSE)*D20/100 -> #N/A | H20: =F20/D20 -> 0.0028490028 | I20: =VLOOKUP(B20,'R.H.'!A$3:C$3974,3,FALSE)/100 -> #N/A | J20: 1 | K20: =E20/J20 -> #N/A | L20: 1060 | N20: =K20/L20 -> #N/A | O20: =K20/(L20-M20) -> #N/A
A21: 17 | B21: 2078 | C21: =IF(ISBLANK(B21),"",VLOOKUP(B21,SÜRELER!$A:$B,2,FALSE)) -> #N/A | D21: 800 | E21: =IF(ISBLANK($B21),"0",VLOOKUP($B21,SÜRELER!$A:$C,3,FALSE))*(D21-F21) -> #N/A | F21: 0 | G21: =VLOOKUP(B21,'R.H.'!A$3:C$3974,3,FALSE)*D21/100 -> #N/A | H21: =F21/D21 -> 0 | I21: =VLOOKUP(B21,'R.H.'!A$3:C$3974,3,FALSE)/100 -> #N/A | J21: 0.5 | K21: =E21/J21 -> #N/A | L21: 1610 | N21: =K21/L21 -> #N/A | O21: =K21/(L21-M21) -> #N/A
A22: 18 | B22: 683 | C22: =IF(ISBLANK(B22),"",VLOOKUP(B22,SÜRELER!$A:$B,2,FALSE)) -> #N/A | D22: =110+250 -> 360 | E22: =IF(ISBLANK($B22),"0",VLOOKUP($B22,SÜRELER!$A:$C,3,FALSE))*(D22-F22) -> #N/A | F22: 8 | G22: =VLOOKUP(B22,'R.H.'!A$3:C$3974,3,FALSE)*D22/100 -> #N/A | H22: =F22/D22 -> 0.022222222 | I22: =VLOOKUP(B22,'R.H.'!A$3:C$3974,3,FALSE)/100 -> #N/A | J22: 0.5 | K22: =E22/J22 -> #N/A | L22: 710 | N22: =K22/L22 -> #N/A | O22: =K22/(L22-M22) -> #N/A
A23: 19 | B23: 2070 | C23: =IF(ISBLANK(B23),"",VLOOKUP(B23,SÜRELER!$A:$B,2,FALSE)) -> #N/A | D23: =442+278 -> 720 | E23: =IF(ISBLANK($B23),"0",VLOOKUP($B23,SÜRELER!$A:$C,3,FALSE))*(D23-F23) -> #N/A | F23: 0 | G23: =VLOOKUP(B23,'R.H.'!A$3:C$3974,3,FALSE)*D23/100 -> #N/A | H23: =F23/D23 -> 0 | I23: =VLOOKUP(B23,'R.H.'!A$3:C$3974,3,FALSE)/100 -> #N/A | J23: 0.5 | K23: =E23/J23 -> #N/A | L23: 700 | N23: =K23/L23 -> #N/A | O23: =K23/(L23-M23) -> #N/A | P23: S310 TRP TIRNAK KALMA PROPLEMİ
A24: 20 | B24: 2071 | C24: =IF(ISBLANK(B24),"",VLOOKUP(B24,SÜRELER!$A:$B,2,FALSE)) -> #N/A | D24: 720 | E24: =IF(ISBLANK($B24),"0",VLOOKUP($B24,SÜRELER!$A:$C,3,FALSE))*(D24-F24) -> #N/A | F24: 0 | G24: =VLOOKUP(B24,'R.H.'!A$3:C$3974,3,FALSE)*D24/100 -> #N/A | H24: =F24/D24 -> 0 | I24: =VLOOKUP(B24,'R.H.'!A$3:C$3974,3,FALSE)/100 -> #N/A | J24: 0.5 | K24: =E24/J24 -> #N/A | L24: 700 | N24: =K24/L24 -> #N/A | O24: =K24/(L24-M24) -> #N/A
A25: 21 | B25: 2102 | C25: =IF(ISBLANK(B25),"",VLOOKUP(B25,SÜRELER!$A:$B,2,FALSE)) -> #N/A | D25: =248+50 -> 298 | E25: =IF(ISBLANK($B25),"0",VLOOKUP($B25,SÜRELER!$A:$C,3,FALSE))*(D25-F25) -> #N/A | F25: 10 | G25: =VLOOKUP(B25,'R.H.'!A$3:C$3974,3,FALSE)*D25/100 -> #N/A | H25: =F25/D25 -> 0.033557047 | I25: =VLOOKUP(B25,'R.H.'!A$3:C$3974,3,FALSE)/100 -> #N/A | J25: 0.5 | K25: =E25/J25 -> #N/A | L25: 580 | N25: =K25/L25 -> #N/A | O25: =K25/(L25-M25) -> #N/A
A26: 22 | B26: 2103 | C26: =IF(ISBLANK(B26),"",VLOOKUP(B26,SÜRELER!$A:$B,2,FALSE)) -> #N/A | D26: 298 | E26: =IF(ISBLANK($B26),"0",VLOOKUP($B26,SÜRELER!$A:$C,3,FALSE))*(D26-F26) -> #N/A | F26: 10 | G26: =VLOOKUP(B26,'R.H.'!A$3:C$3974,3,FALSE)*D26/100 -> #N/A | H26: =F26/D26 -> 0.033557047 | I26: =VLOOKUP(B26,'R.H.'!A$3:C$3974,3,FALSE)/100 -> #N/A | J26: 0.5 | K26: =E26/J26 -> #N/A | L26: 580 | N26: =K26/L26 -> #N/A | O26: =K26/(L26-M26) -> #N/A
A27: 23 | B27: 1112 | C27: =IF(ISBLANK(B27),"",VLOOKUP(B27,SÜRELER!$A:$B,2,FALSE)) -> #N/A | D27: 400 | E27: =IF(ISBLANK($B27),"0",VLOOKUP($B27,SÜRELER!$A:$C,3,FALSE))*(D27-F27) -> #N/A | F27: 0 | G27: =VLOOKUP(B27,'R.H.'!A$3:C$3974,3,FALSE)*D27/100 -> #N/A | H27: =F27/D27 -> 0 | I27: =VLOOKUP(B27,'R.H.'!A$3:C$3974,3,FALSE)/100 -> #N/A | J27: 1 | K27: =E27/J27 -> #N/A | L27: 136 | N27: =K27/L27 -> #N/A | O27: =K27/(L27-M27) -> #N/A
A28: 24 | B28: 1830 | C28: =IF(ISBLANK(B28),"",VLOOKUP(B28,SÜRELER!$A:$B,2,FALSE)) -> #N/A | D28: 584 | E28: =IF(ISBLANK($B28),"0",VLOOKUP($B28,SÜRELER!$A:$C,3,FALSE))*(D28-F28) -> #N/A | F28: 10 | G28: =VLOOKUP(B28,'R.H.'!A$3:C$3974,3,FALSE)*D28/100 -> #N/A | H28: =F28/D28 -> 0.017123288 | I28: =VLOOKUP(B28,'R.H.'!A$3:C$3974,3,FALSE)/100 -> #N/A | J28: 1 | K28: =E28/J28 -> #N/A | L28: 148 | N28: =K28/L28 -> #N/A | O28: =K28/(L28-M28) -> #N/A
A29: 25 | C29: =IF(ISBLANK(B29),"",VLOOKUP(B29,SÜRELER!$A:$B,2,FALSE)) | E29: =IF(ISBLANK($B29),"0",VLOOKUP($B29,SÜRELER!$A:$C,3,FALSE))*(D29-F29) -> 0 | G29: =VLOOKUP(B29,'R.H.'!A$3:C$3974,3,FALSE)*D29/100 -> #N/A | H29: =F29/D29 -> #DIV/0! | I29: =VLOOKUP(B29,'R.H.'!A$3:C$3974,3,FALSE)/100 -> #N/A | K29: =E29/J29 -> #DIV/0! | N29: =K29/L29 -> #DIV/0! | O29: =K29/(L29-M29) -> #DIV/0!
A30: 26 | C30: =IF(ISBLANK(B30),"",VLOOKUP(B30,SÜRELER!$A:$B,2,FALSE)) | E30: =IF(ISBLANK($B30),"0",VLOOKUP($B30,SÜRELER!$A:$C,3,FALSE))*(D30-F30) -> 0 | G30: =VLOOKUP(B30,'R.H.'!A$3:C$3974,3,FALSE)*D30/100 -> #N/A | H30: =F30/D30 -> #DIV/0! | I30: =VLOOKUP(B30,'R.H.'!A$3:C$3974,3,FALSE)/100 -> #N/A | K30: =E30/J30 -> #DIV/0! | N30: =K30/L30 -> #DIV/0! | O30: =K30/(L30-M30) -> #DIV/0!
A31: 27 | C31: =IF(ISBLANK(B31),"",VLOOKUP(B31,SÜRELER!$A:$B,2,FALSE)) | E31: =IF(ISBLANK($B31),"0",VLOOKUP($B31,SÜRELER!$A:$C,3,FALSE))*(D31-F31) -> 0 | G31: =VLOOKUP(B31,'R.H.'!A$3:C$3974,3,FALSE)*D31/100 -> #N/A | H31: =F31/D31 -> #DIV/0! | I31: =VLOOKUP(B31,'R.H.'!A$3:C$3974,3,FALSE)/100 -> #N/A | K31: =E31/J31 -> #DIV/0! | N31: =K31/L31 -> #DIV/0! | O31: =K31/(L31-M31) -> #DIV/0!
A32: 28 | C32: =IF(ISBLANK(B32),"",VLOOKUP(B32,SÜRELER!$A:$B,2,FALSE)) | E32: =IF(ISBLANK($B32),"0",VLOOKUP($B32,SÜRELER!$A:$C,3,FALSE))*(D32-F32) -> 0 | G32: =VLOOKUP(B32,'R.H.'!A$3:C$3974,3,FALSE)*D32/100 -> #N/A | H32: =F32/D32 -> #DIV/0! | I32: =VLOOKUP(B32,'R.H.'!A$3:C$3974,3,FALSE)/100 -> #N/A | K32: =E32/J32 -> #DIV/0! | N32: =K32/L32 -> #DIV/0! | O32: =K32/(L32-M32) -> #DIV/0!
A33: 29 | C33: =IF(ISBLANK(B33),"",VLOOKUP(B33,SÜRELER!$A:$B,2,FALSE)) | E33: =IF(ISBLANK($B33),"0",VLOOKUP($B33,SÜRELER!$A:$C,3,FALSE))*(D33-F33) -> 0 | G33: =VLOOKUP(B33,'R.H.'!A$3:C$3974,3,FALSE)*D33/100 -> #N/A | H33: =F33/D33 -> #DIV/0! | I33: =VLOOKUP(B33,'R.H.'!A$3:C$3974,3,FALSE)/100 -> #N/A | K33: =E33/J33 -> #DIV/0! | N33: =K33/L33 -> #DIV/0! | O33: =K33/(L33-M33) -> #DIV/0!
A34: 30 | C34: =IF(ISBLANK(B34),"",VLOOKUP(B34,SÜRELER!$A:$B,2,FALSE)) | E34: =IF(ISBLANK($B34),"0",VLOOKUP($B34,SÜRELER!$A:$C,3,FALSE))*(D34-F34) -> 0 | G34: =VLOOKUP(B34,'R.H.'!A$3:C$3974,3,FALSE)*D34/100 -> #N/A | H34: =F34/D34 -> #DIV/0! | I34: =VLOOKUP(B34,'R.H.'!A$3:C$3974,3,FALSE)/100 -> #N/A | K34: =E34/J34 -> #DIV/0! | N34: =K34/L34 -> #DIV/0! | O34: =K34/(L34-M34) -> #DIV/0!
A35: 31 | C35: =IF(ISBLANK(B35),"",VLOOKUP(B35,SÜRELER!$A:$B,2,FALSE)) | E35: =IF(ISBLANK($B35),"0",VLOOKUP($B35,SÜRELER!$A:$C,3,FALSE))*(D35-F35) -> 0 | G35: =VLOOKUP(B35,'R.H.'!A$3:C$3974,3,FALSE)*D35/100 -> #N/A | H35: =F35/D35 -> #DIV/0! | I35: =VLOOKUP(B35,'R.H.'!A$3:C$3974,3,FALSE)/100 -> #N/A | K35: =E35/J35 -> #DIV/0! | N35: =K35/L35 -> #DIV/0! | O35: =K35/(L35-M35) -> #DIV/0!
A36: 32 | C36: =IF(ISBLANK(B36),"",VLOOKUP(B36,SÜRELER!$A:$B,2,FALSE)) | E36: =IF(ISBLANK($B36),"0",VLOOKUP($B36,SÜRELER!$A:$C,3,FALSE))*(D36-F36) -> 0 | G36: =VLOOKUP(B36,'R.H.'!A$3:C$3974,3,FALSE)*D36/100 -> #N/A | H36: =F36/D36 -> #DIV/0! | I36: =VLOOKUP(B36,'R.H.'!A$3:C$3974,3,FALSE)/100 -> #N/A | K36: =E36/J36 -> #DIV/0! | N36: =K36/L36 -> #DIV/0! | O36: =K36/(L36-M36) -> #DIV/0!
A37: 33 | C37: =IF(ISBLANK(B37),"",VLOOKUP(B37,SÜRELER!$A:$B,2,FALSE)) | E37: =IF(ISBLANK($B37),"0",VLOOKUP($B37,SÜRELER!$A:$C,3,FALSE))*(D37-F37) -> 0 | G37: =VLOOKUP(B37,'R.H.'!A$3:C$3974,3,FALSE)*D37/100 -> #N/A | H37: =F37/D37 -> #DIV/0! | I37: =VLOOKUP(B37,'R.H.'!A$3:C$3974,3,FALSE)/100 -> #N/A | K37: =E37/J37 -> #DIV/0! | N37: =K37/L37 -> #DIV/0! | O37: =K37/(L37-M37) -> #DIV/0!
A38: 34 | C38: =IF(ISBLANK(B38),"",VLOOKUP(B38,SÜRELER!$A:$B,2,FALSE)) | E38: =IF(ISBLANK($B38),"0",VLOOKUP($B38,SÜRELER!$A:$C,3,FALSE))*(D38-F38) -> 0 | G38: =VLOOKUP(B38,'R.H.'!A$3:C$3974,3,FALSE)*D38/100 -> #N/A | H38: =F38/D38 -> #DIV/0! | I38: =VLOOKUP(B38,'R.H.'!A$3:C$3974,3,FALSE)/100 -> #N/A | K38: =E38/J38 -> #DIV/0! | N38: =K38/L38 -> #DIV/0! | O38: =K38/(L38-M38) -> #DIV/0!
A39: 35 | C39: =IF(ISBLANK(B39),"",VLOOKUP(B39,SÜRELER!$A:$B,2,FALSE)) | E39: =IF(ISBLANK($B39),"0",VLOOKUP($B39,SÜRELER!$A:$C,3,FALSE))*(D39-F39) -> 0 | G39: =VLOOKUP(B39,'R.H.'!A$3:C$3974,3,FALSE)*D39/100 -> #N/A | H39: =F39/D39 -> #DIV/0! | I39: =VLOOKUP(B39,'R.H.'!A$3:C$3974,3,FALSE)/100 -> #N/A | K39: =E39/J39 -> #DIV/0! | N39: =K39/L39 -> #DIV/0! | O39: =K39/(L39-M39) -> #DIV/0!
A40: 36 | C40: =IF(ISBLANK(B40),"",VLOOKUP(B40,SÜRELER!$A:$B,2,FALSE)) | E40: =IF(ISBLANK($B40),"0",VLOOKUP($B40,SÜRELER!$A:$C,3,FALSE))*(D40-F40) -> 0 | G40: =VLOOKUP(B40,'R.H.'!A$3:C$3974,3,FALSE)*D40/100 -> #N/A | H40: =F40/D40 -> #DIV/0! | I40: =VLOOKUP(B40,'R.H.'!A$3:C$3974,3,FALSE)/100 -> #N/A | K40: =E40/J40 -> #DIV/0! | N40: =K40/L40 -> #DIV/0! | O40: =K40/(L40-M40) -> #DIV/0!
... A44: 40 | C44: =IF(ISBLANK(B44),"",VLOOKUP(B44,SÜRELER!$A:$B,2,FALSE)) | E44: =IF(ISBLANK($B44),"0",VLOOKUP($B44,SÜRELER!$A:$C,3,FALSE))*(D44-F44) -> 0 | G44: =VLOOKUP(B44,'R.H.'!A$3:C$3974,3,FALSE)*D44/100 -> #N/A | H44: =F44/D44 -> #DIV/0! | I44: =VLOOKUP(B44,'R.H.'!A$3:C$3974,3,FALSE)/100 -> #N/A | K44: =E44/J44 -> #DIV/0! | N44: =K44/L44 -> #DIV/0! | O44: =K44/(L44-M44) -> #DIV/0!
D45: =SUM(D5:D44) -> 15480 | E45: =SUM(E5:E44) -> #N/A | F45: =SUM(F5:F44) -> 111 | L45: =SUM(L5:L44) -> 14204 | M45: =SUM(M5:M44) -> 0
D46: % | E46: =F45/D45*100 -> 0.71705426
C49: Eleman Sayısı : | D49: 4
C50: Vardiyadaki Personel Sayısı : | D50: 16.5
C51: Tplm K. Kapasite : | D51: =(IF(A2="Cuma",D49*470,D49*520))+(D50*430) -> 9175
C52: Dış Bölüm/Görev :
C53: Duruş (Arıza, Mlz.Bekl,Set-up…) : | D53: 180
C54: Eğitim / İdari :
C55: Tedarikçi kaynaklı kayıp :
C56: Deneme :
C57: İş Tekrarı :
C58: Gerçek Kapasite : | D58: =D51-SUM(D52:E57) -> 8995
C59: DURUŞLARIN TOPLAMI | D59: =SUM(D52:D56) -> 180
D62: PLAN | E62: GERÇEKLEŞEN | F62: FİRE | G62: FİRE ORANI | H62: DURUŞ | I62: %
D63: =E63/I63 -> #N/A | E63: =D45 -> 15480 | F63: =F45 -> 111 | G63: =(F63*1000000)/E63 -> 7170.5426 | H63: =D59 -> 180 | I63: =N1 -> #N/A

Sheet 3
A1: ='2'!A1+1 -> 46206 | H1: Genel Verimlilik | N1: =E45/D51 -> #N/A | P1: ANA SAYFA
A2: =TEXT(A1,"gggg") -> Cuma
C3: TOPLAM ÜRETİM | D3: =D45 -> 31629
A4: S.No | B4: P. Kod | C4: Ürün Tanımı | D4: Ürt. Adt | E4: Std. Süre Dk | G4: SAP Rjm Fire Adt | H4: Fire % | I4: SAP Std Fire % | K4: Std T.Süresi (Dk) | L4: Gerçekleşen Toplam Süre | M4: Kayıp Zamanlar Toplamı | N4: Ürün Performansı | O4: İşçilik Performansı | P4: Açıklama
A5: 1 | B5: 2076 | C5: =IF(ISBLANK(B5),"",VLOOKUP(B5,SÜRELER!$A:$B,2,FALSE)) -> #N/A | D5: 646 | E5: =IF(ISBLANK($B5),"0",VLOOKUP($B5,SÜRELER!$A:$C,3,FALSE))*(D5-F5) -> #N/A | F5: 6 | G5: =VLOOKUP(B5,'R.H.'!A$3:C$3974,3,FALSE)*D5/100 -> #N/A | H5: =F5/D5 -> 0.0092879257 | I5: =VLOOKUP(B5,'R.H.'!A$3:C$3974,3,FALSE)/100 -> #N/A | J5: 1 | K5: =E5/J5 -> #N/A | L5: 380 | N5: =K5/L5 -> #N/A | O5: =K5/(L5-M5) -> #N/A | P5: ENGEL 1700 YAG ARZASI 2K BEZEL İTİCİ SARMASI NEDENİYLE
A6: 2 | B6: 311 | C6: =IF(ISBLANK(B6),"",VLOOKUP(B6,SÜRELER!$A:$B,2,FALSE)) -> #N/A | D6: 108 | E6: =IF(ISBLANK($B6),"0",VLOOKUP($B6,SÜRELER!$A:$C,3,FALSE))*(D6-F6) -> #N/A | F6: 0 | G6: =VLOOKUP(B6,'R.H.'!A$3:C$3974,3,FALSE)*D6/100 -> #N/A | H6: =F6/D6 -> 0 | I6: =VLOOKUP(B6,'R.H.'!A$3:C$3974,3,FALSE)/100 -> #N/A | J6: 1 | K6: =E6/J6 -> #N/A | L6: 80 | N6: =K6/L6 -> #N/A | O6: =K6/(L6-M6) -> #N/A
A7: 3 | B7: 683 | C7: =IF(ISBLANK(B7),"",VLOOKUP(B7,SÜRELER!$A:$B,2,FALSE)) -> #N/A | D7: 455 | E7: =IF(ISBLANK($B7),"0",VLOOKUP($B7,SÜRELER!$A:$C,3,FALSE))*(D7-F7) -> #N/A | F7: 10 | G7: =VLOOKUP(B7,'R.H.'!A$3:C$3974,3,FALSE)*D7/100 -> #N/A | H7: =F7/D7 -> 0.021978022 | I7: =VLOOKUP(B7,'R.H.'!A$3:C$3974,3,FALSE)/100 -> #N/A | J7: 1 | K7: =E7/J7 -> #N/A | L7: 850 | N7: =K7/L7 -> #N/A | O7: =K7/(L7-M7) -> #N/A | P7: H625 ÇERÇEVE TEK ÜRETİM
A8: 4 | B8: 1934 | C8: =IF(ISBLANK(B8),"",VLOOKUP(B8,SÜRELER!$A:$B,2,FALSE)) -> #N/A | D8: 330 | E8: =IF(ISBLANK($B8),"0",VLOOKUP($B8,SÜRELER!$A:$C,3,FALSE))*(D8-F8) -> #N/A | F8: 5 | G8: =VLOOKUP(B8,'R.H.'!A$3:C$3974,3,FALSE)*D8/100 -> #N/A | H8: =F8/D8 -> 0.015151515 | I8: =VLOOKUP(B8,'R.H.'!A$3:C$3974,3,FALSE)/100 -> #N/A | J8: 0.5 | K8: =E8/J8 -> #N/A | L8: 3290 | N8: =K8/L8 -> #N/A | O8: =K8/(L8-M8) -> #N/A
A9: 5 | B9: 1935 | C9: =IF(ISBLANK(B9),"",VLOOKUP(B9,SÜRELER!$A:$B,2,FALSE)) -> #N/A | D9: 330 | E9: =IF(ISBLANK($B9),"0",VLOOKUP($B9,SÜRELER!$A:$C,3,FALSE))*(D9-F9) -> #N/A | F9: 5 | G9: =VLOOKUP(B9,'R.H.'!A$3:C$3974,3,FALSE)*D9/100 -> #N/A | H9: =F9/D9 -> 0.015151515 | I9: =VLOOKUP(B9,'R.H.'!A$3:C$3974,3,FALSE)/100 -> #N/A | J9: 0.5 | K9: =E9/J9 -> #N/A | L9: 3290 | N9: =K9/L9 -> #N/A | O9: =K9/(L9-M9) -> #N/A
A10: 6 | B10: 95 | C10: =IF(ISBLANK(B10),"",VLOOKUP(B10,SÜRELER!$A:$B,2,FALSE)) -> #N/A | D10: =290+119+149 -> 558 | E10: =IF(ISBLANK($B10),"0",VLOOKUP($B10,SÜRELER!$A:$C,3,FALSE))*(D10-F10) -> #N/A | F10: 66 | G10: =VLOOKUP(B10,'R.H.'!A$3:C$3974,3,FALSE)*D10/100 -> #N/A | H10: =F10/D10 -> 0.11827957 | I10: =VLOOKUP(B10,'R.H.'!A$3:C$3974,3,FALSE)/100 -> #N/A | J10: 1 | K10: =E10/J10 -> #N/A | L10: 600 | N10: =K10/L10 -> #N/A | O10: =K10/(L10-M10) -> #N/A | P10: H625 SİYAH ÇERÇEVE TIRNAK KIRILMASI
A11: 7 | B11: 81 | C11: =IF(ISBLANK(B11),"",VLOOKUP(B11,SÜRELER!$A:$B,2,FALSE)) -> #N/A | D11: =318+346 -> 664 | E11: =IF(ISBLANK($B11),"0",VLOOKUP($B11,SÜRELER!$A:$C,3,FALSE))*(D11-F11) -> #N/A | F11: 18 | G11: =VLOOKUP(B11,'R.H.'!A$3:C$3974,3,FALSE)*D11/100 -> #N/A | H11: =F11/D11 -> 0.027108434 | I11: =VLOOKUP(B11,'R.H.'!A$3:C$3974,3,FALSE)/100 -> #N/A | J11: 0.5 | K11: =E11/J11 -> #N/A | L11: 1085 | N11: =K11/L11 -> #N/A | O11: =K11/(L11-M11) -> #N/A
A12: 8 | B12: 82 | C12: =IF(ISBLANK(B12),"",VLOOKUP(B12,SÜRELER!$A:$B,2,FALSE)) -> #N/A | D12: 664 | E12: =IF(ISBLANK($B12),"0",VLOOKUP($B12,SÜRELER!$A:$C,3,FALSE))*(D12-F12) -> #N/A | F12: 18 | G12: =VLOOKUP(B12,'R.H.'!A$3:C$3974,3,FALSE)*D12/100 -> #N/A | H12: =F12/D12 -> 0.027108434 | I12: =VLOOKUP(B12,'R.H.'!A$3:C$3974,3,FALSE)/100 -> #N/A | J12: 0.5 | K12: =E12/J12 -> #N/A | L12: 1085 | N12: =K12/L12 -> #N/A | O12: =K12/(L12-M12) -> #N/A
A13: 9 | B13: 880 | C13: =IF(ISBLANK(B13),"",VLOOKUP(B13,SÜRELER!$A:$B,2,FALSE)) -> #N/A | D13: =231+126+110 -> 467 | E13: =IF(ISBLANK($B13),"0",VLOOKUP($B13,SÜRELER!$A:$C,3,FALSE))*(D13-F13) -> #N/A | F13: 25 | G13: =VLOOKUP(B13,'R.H.'!A$3:C$3974,3,FALSE)*D13/100 -> #N/A | H13: =F13/D13 -> 0.053533191 | I13: =VLOOKUP(B13,'R.H.'!A$3:C$3974,3,FALSE)/100 -> #N/A | J13: 0.5 | K13: =E13/J13 -> #N/A | L13: 335 | N13: =K13/L13 -> #N/A | O13: =K13/(L13-M13) -> #N/A
A14: 10 | B14: 881 | C14: =IF(ISBLANK(B14),"",VLOOKUP(B14,SÜRELER!$A:$B,2,FALSE)) -> #N/A | D14: =236+231 -> 467 | E14: =IF(ISBLANK($B14),"0",VLOOKUP($B14,SÜRELER!$A:$C,3,FALSE))*(D14-F14) -> #N/A | F14: 25 | G14: =VLOOKUP(B14,'R.H.'!A$3:C$3974,3,FALSE)*D14/100 -> #N/A | H14: =F14/D14 -> 0.053533191 | I14: =VLOOKUP(B14,'R.H.'!A$3:C$3974,3,FALSE)/100 -> #N/A | J14: 0.5 | K14: =E14/J14 -> #N/A | L14: 335 | N14: =K14/L14 -> #N/A | O14: =K14/(L14-M14) -> #N/A
A15: 11 | B15: 1591 | C15: =IF(ISBLANK(B15),"",VLOOKUP(B15,SÜRELER!$A:$B,2,FALSE)) -> #N/A | D15: =318+412 -> 730 | E15: =IF(ISBLANK($B15),"0",VLOOKUP($B15,SÜRELER!$A:$C,3,FALSE))*(D15-F15) -> #N/A | F15: 0 | G15: =VLOOKUP(B15,'R.H.'!A$3:C$3974,3,FALSE)*D15/100 -> #N/A | H15: =F15/D15 -> 0 | I15: =VLOOKUP(B15,'R.H.'!A$3:C$3974,3,FALSE)/100 -> #N/A | J15: 0.5 | K15: =E15/J15 -> #N/A | L15: 550 | N15: =K15/L15 -> #N/A | O15: =K15/(L15-M15) -> #N/A
A16: 12 | B16: 1592 | C16: =IF(ISBLANK(B16),"",VLOOKUP(B16,SÜRELER!$A:$B,2,FALSE)) -> #N/A | D16: 730 | E16: =IF(ISBLANK($B16),"0",VLOOKUP($B16,SÜRELER!$A:$C,3,FALSE))*(D16-F16) -> #N/A | F16: 0 | G16: =VLOOKUP(B16,'R.H.'!A$3:C$3974,3,FALSE)*D16/100 -> #N/A | H16: =F16/D16 -> 0 | I16: =VLOOKUP(B16,'R.H.'!A$3:C$3974,3,FALSE)/100 -> #N/A | J16: 0.5 | K16: =E16/J16 -> #N/A | L16: 550 | N16: =K16/L16 -> #N/A | O16: =K16/(L16-M16) -> #N/A
A17: 13 | B17: 1320 | C17: =IF(ISBLANK(B17),"",VLOOKUP(B17,SÜRELER!$A:$B,2,FALSE)) -> #N/A | D17: =589+745 -> 1334 | E17: =IF(ISBLANK($B17),"0",VLOOKUP($B17,SÜRELER!$A:$C,3,FALSE))*(D17-F17) -> #N/A | F17: 8 | G17: =VLOOKUP(B17,'R.H.'!A$3:C$3974,3,FALSE)*D17/100 -> #N/A | H17: =F17/D17 -> 0.0059970015 | I17: =VLOOKUP(B17,'R.H.'!A$3:C$3974,3,FALSE)/100 -> #N/A | J17: 0.5 | K17: =E17/J17 -> #N/A | L17: 950 | N17: =K17/L17 -> #N/A | O17: =K17/(L17-M17) -> #N/A
A18: 14 | B18: 1321 | C18: =IF(ISBLANK(B18),"",VLOOKUP(B18,SÜRELER!$A:$B,2,FALSE)) -> #N/A | D18: 1334 | E18: =IF(ISBLANK($B18),"0",VLOOKUP($B18,SÜRELER!$A:$C,3,FALSE))*(D18-F18) -> #N/A | F18: 8 | G18: =VLOOKUP(B18,'R.H.'!A$3:C$3974,3,FALSE)*D18/100 -> #N/A | H18: =F18/D18 -> 0.0059970015 | I18: =VLOOKUP(B18,'R.H.'!A$3:C$3974,3,FALSE)/100 -> #N/A | J18: 0.5 | K18: =E18/J18 -> #N/A | L18: 950 | N18: =K18/L18 -> #N/A | O18: =K18/(L18-M18) -> #N/A
A19: 15 | B19: 2078 | C19: =IF(ISBLANK(B19),"",VLOOKUP(B19,SÜRELER!$A:$B,2,FALSE)) -> #N/A | D19: =1504+258 -> 1762 | E19: =IF(ISBLANK($B19),"0",VLOOKUP($B19,SÜRELER!$A:$C,3,FALSE))*(D19-F19) -> #N/A | F19: 4 | G19: =VLOOKUP(B19,'R.H.'!A$3:C$3974,3,FALSE)*D19/100 -> #N/A | H19: =F19/D19 -> 0.0022701476 | I19: =VLOOKUP(B19,'R.H.'!A$3:C$3974,3,FALSE)/100 -> #N/A | J19: 1 | K19: =E19/J19 -> #N/A | L19: 1780 | N19: =K19/L19 -> #N/A | O19: =K19/(L19-M19) -> #N/A
A20: 16 | B20: 2080 | C20: =IF(ISBLANK(B20),"",VLOOKUP(B20,SÜRELER!$A:$B,2,FALSE)) -> #N/A | D20: =2960+994 -> 3954 | E20: =IF(ISBLANK($B20),"0",VLOOKUP($B20,SÜRELER!$A:$C,3,FALSE))*(D20-F20) -> #N/A | F20: 34 | G20: =VLOOKUP(B20,'R.H.'!A$3:C$3974,3,FALSE)*D20/100 -> #N/A | H20: =F20/D20 -> 0.0085988872 | I20: =VLOOKUP(B20,'R.H.'!A$3:C$3974,3,FALSE)/100 -> #N/A | J20: 1 | K20: =E20/J20 -> #N/A | L20: 3000 | N20: =K20/L20 -> #N/A | O20: =K20/(L20-M20) -> #N/A
A21: 17 | B21: 1908 | C21: =IF(ISBLANK(B21),"",VLOOKUP(B21,SÜRELER!$A:$B,2,FALSE)) -> #N/A | D21: =1572+360 -> 1932 | E21: =IF(ISBLANK($B21),"0",VLOOKUP($B21,SÜRELER!$A:$C,3,FALSE))*(D21-F21) -> #N/A | F21: 0 | G21: =VLOOKUP(B21,'R.H.'!A$3:C$3974,3,FALSE)*D21/100 -> #N/A | H21: =F21/D21 -> 0 | I21: =VLOOKUP(B21,'R.H.'!A$3:C$3974,3,FALSE)/100 -> #N/A | J21: 0.5 | K21: =E21/J21 -> #N/A | L21: 2270 | N21: =K21/L21 -> #N/A | O21: =K21/(L21-M21) -> #N/A
A22: 18 | B22: 1909 | C22: =IF(ISBLANK(B22),"",VLOOKUP(B22,SÜRELER!$A:$B,2,FALSE)) -> #N/A | D22: 1932 | E22: =IF(ISBLANK($B22),"0",VLOOKUP($B22,SÜRELER!$A:$C,3,FALSE))*(D22-F22) -> #N/A | F22: 0 | G22: =VLOOKUP(B22,'R.H.'!A$3:C$3974,3,FALSE)*D22/100 -> #N/A | H22: =F22/D22 -> 0 | I22: =VLOOKUP(B22,'R.H.'!A$3:C$3974,3,FALSE)/100 -> #N/A | J22: 0.5 | K22: =E22/J22 -> #N/A | L22: 2270 | N22: =K22/L22 -> #N/A | O22: =K22/(L22-M22) -> #N/A
A23: 19 | B23: 1453 | C23: =IF(ISBLANK(B23),"",VLOOKUP(B23,SÜRELER!$A:$B,2,FALSE)) -> #N/A | D23: =886+222 -> 1108 | E23: =IF(ISBLANK($B23),"0",VLOOKUP($B23,SÜRELER!$A:$C,3,FALSE))*(D23-F23) -> #N/A | F23: 33 | G23: =VLOOKUP(B23,'R.H.'!A$3:C$3974,3,FALSE)*D23/100 -> #N/A | H23: =F23/D23 -> 0.029783394 | I23: =VLOOKUP(B23,'R.H.'!A$3:C$3974,3,FALSE)/100 -> #N/A | J23: 0.5 | K23: =E23/J23 -> #N/A | L23: 5000 | N23: =K23/L23 -> #N/A | O23: =K23/(L23-M23) -> #N/A
A24: 20 | B24: 1454 | C24: =IF(ISBLANK(B24),"",VLOOKUP(B24,SÜRELER!$A:$B,2,FALSE)) -> #N/A | D24: 1108 | E24: =IF(ISBLANK($B24),"0",VLOOKUP($B24,SÜRELER!$A:$C,3,FALSE))*(D24-F24) -> #N/A | F24: 33 | G24: =VLOOKUP(B24,'R.H.'!A$3:C$3974,3,FALSE)*D24/100 -> #N/A | H24: =F24/D24 -> 0.029783394 | I24: =VLOOKUP(B24,'R.H.'!A$3:C$3974,3,FALSE)/100 -> #N/A | J24: 0.5 | K24: =E24/J24 -> #N/A | L24: 5000 | N24: =K24/L24 -> #N/A | O24: =K24/(L24-M24) -> #N/A
A25: 21 | B25: 287 | C25: =IF(ISBLANK(B25),"",VLOOKUP(B25,SÜRELER!$A:$B,2,FALSE)) -> #N/A | D25: =360+664 -> 1024 | E25: =IF(ISBLANK($B25),"0",VLOOKUP($B25,SÜRELER!$A:$C,3,FALSE))*(D25-F25) -> #N/A | F25: 0 | G25: =VLOOKUP(B25,'R.H.'!A$3:C$3974,3,FALSE)*D25/100 -> #N/A | H25: =F25/D25 -> 0 | I25: =VLOOKUP(B25,'R.H.'!A$3:C$3974,3,FALSE)/100 -> #N/A | J25: 0.5 | K25: =E25/J25 -> #N/A | L25: 870 | N25: =K25/L25 -> #N/A | O25: =K25/(L25-M25) -> #N/A
A26: 22 | B26: 288 | C26: =IF(ISBLANK(B26),"",VLOOKUP(B26,SÜRELER!$A:$B,2,FALSE)) -> #N/A | D26: 1024 | E26: =IF(ISBLANK($B26),"0",VLOOKUP($B26,SÜRELER!$A:$C,3,FALSE))*(D26-F26) -> #N/A | F26: 0 | G26: =VLOOKUP(B26,'R.H.'!A$3:C$3974,3,FALSE)*D26/100 -> #N/A | H26: =F26/D26 -> 0 | I26: =VLOOKUP(B26,'R.H.'!A$3:C$3974,3,FALSE)/100 -> #N/A | J26: 0.5 | K26: =E26/J26 -> #N/A | L26: 870 | N26: =K26/L26 -> #N/A | O26: =K26/(L26-M26) -> #N/A
A27: 23 | B27: 1330 | C27: =IF(ISBLANK(B27),"",VLOOKUP(B27,SÜRELER!$A:$B,2,FALSE)) -> #N/A | D27: =806+778 -> 1584 | E27: =IF(ISBLANK($B27),"0",VLOOKUP($B27,SÜRELER!$A:$C,3,FALSE))*(D27-F27) -> #N/A | F27: 6 | G27: =VLOOKUP(B27,'R.H.'!A$3:C$3974,3,FALSE)*D27/100 -> #N/A | H27: =F27/D27 -> 0.0037878788 | I27: =VLOOKUP(B27,'R.H.'!A$3:C$3974,3,FALSE)/100 -> #N/A | J27: 0.5 | K27: =E27/J27 -> #N/A | L27: 670 | N27: =K27/L27 -> #N/A | O27: =K27/(L27-M27) -> #N/A
A28: 24 | B28: 1331 | C28: =IF(ISBLANK(B28),"",VLOOKUP(B28,SÜRELER!$A:$B,2,FALSE)) -> #N/A | D28: 1584 | E28: =IF(ISBLANK($B28),"0",VLOOKUP($B28,SÜRELER!$A:$C,3,FALSE))*(D28-F28) -> #N/A | F28: 6 | G28: =VLOOKUP(B28,'R.H.'!A$3:C$3974,3,FALSE)*D28/100 -> #N/A | H28: =F28/D28 -> 0.0037878788 | I28: =VLOOKUP(B28,'R.H.'!A$3:C$3974,3,FALSE)/100 -> #N/A | J28: 0.5 | K28: =E28/J28 -> #N/A | L28: 670 | N28: =K28/L28 -> #N/A | O28: =K28/(L28-M28) -> #N/A
A29: 25 | B29: 742 | C29: =IF(ISBLANK(B29),"",VLOOKUP(B29,SÜRELER!$A:$B,2,FALSE)) -> #N/A | D29: =1072+648 -> 1720 | E29: =IF(ISBLANK($B29),"0",VLOOKUP($B29,SÜRELER!$A:$C,3,FALSE))*(D29-F29) -> #N/A | F29: 4 | G29: =VLOOKUP(B29,'R.H.'!A$3:C$3974,3,FALSE)*D29/100 -> #N/A | H29: =F29/D29 -> 0.0023255814 | I29: =VLOOKUP(B29,'R.H.'!A$3:C$3974,3,FALSE)/100 -> #N/A | J29: 0.5 | K29: =E29/J29 -> #N/A | L29: 1460 | N29: =K29/L29 -> #N/A | O29: =K29/(L29-M29) -> #N/A
A30: 26 | B30: 743 | C30: =IF(ISBLANK(B30),"",VLOOKUP(B30,SÜRELER!$A:$B,2,FALSE)) -> #N/A | D30: 1720 | E30: =IF(ISBLANK($B30),"0",VLOOKUP($B30,SÜRELER!$A:$C,3,FALSE))*(D30-F30) -> #N/A | F30: 4 | G30: =VLOOKUP(B30,'R.H.'!A$3:C$3974,3,FALSE)*D30/100 -> #N/A | H30: =F30/D30 -> 0.0023255814 | I30: =VLOOKUP(B30,'R.H.'!A$3:C$3974,3,FALSE)/100 -> #N/A | J30: 0.5 | K30: =E30/J30 -> #N/A | L30: 1460 | N30: =K30/L30 -> #N/A | O30: =K30/(L30-M30) -> #N/A
A31: 27 | B31: 1112 | C31: =IF(ISBLANK(B31),"",VLOOKUP(B31,SÜRELER!$A:$B,2,FALSE)) -> #N/A | D31: =2030+330 -> 2360 | E31: =IF(ISBLANK($B31),"0",VLOOKUP($B31,SÜRELER!$A:$C,3,FALSE))*(D31-F31) -> #N/A | F31: 0 | G31: =VLOOKUP(B31,'R.H.'!A$3:C$3974,3,FALSE)*D31/100 -> #N/A | H31: =F31/D31 -> 0 | I31: =VLOOKUP(B31,'R.H.'!A$3:C$3974,3,FALSE)/100 -> #N/A | J31: 1 | K31: =E31/J31 -> #N/A | L31: 800 | N31: =K31/L31 -> #N/A | O31: =K31/(L31-M31) -> #N/A
A32: 28 | C32: =IF(ISBLANK(B32),"",VLOOKUP(B32,SÜRELER!$A:$B,2,FALSE)) | E32: =IF(ISBLANK($B32),"0",VLOOKUP($B32,SÜRELER!$A:$C,3,FALSE))*(D32-F32) -> 0 | G32: =VLOOKUP(B32,'R.H.'!A$3:C$3974,3,FALSE)*D32/100 -> #N/A | H32: =F32/D32 -> #DIV/0! | I32: =VLOOKUP(B32,'R.H.'!A$3:C$3974,3,FALSE)/100 -> #N/A | K32: =E32/J32 -> #DIV/0! | N32: =K32/L32 -> #DIV/0! | O32: =K32/(L32-M32) -> #DIV/0!
A33: 29 | C33: =IF(ISBLANK(B33),"",VLOOKUP(B33,SÜRELER!$A:$B,2,FALSE)) | E33: =IF(ISBLANK($B33),"0",VLOOKUP($B33,SÜRELER!$A:$C,3,FALSE))*(D33-F33) -> 0 | G33: =VLOOKUP(B33,'R.H.'!A$3:C$3974,3,FALSE)*D33/100 -> #N/A | H33: =F33/D33 -> #DIV/0! | I33: =VLOOKUP(B33,'R.H.'!A$3:C$3974,3,FALSE)/100 -> #N/A | K33: =E33/J33 -> #DIV/0! | N33: =K33/L33 -> #DIV/0! | O33: =K33/(L33-M33) -> #DIV/0!
A34: 30 | C34: =IF(ISBLANK(B34),"",VLOOKUP(B34,SÜRELER!$A:$B,2,FALSE)) | E34: =IF(ISBLANK($B34),"0",VLOOKUP($B34,SÜRELER!$A:$C,3,FALSE))*(D34-F34) -> 0 | G34: =VLOOKUP(B34,'R.H.'!A$3:C$3974,3,FALSE)*D34/100 -> #N/A | H34: =F34/D34 -> #DIV/0! | I34: =VLOOKUP(B34,'R.H.'!A$3:C$3974,3,FALSE)/100 -> #N/A | K34: =E34/J34 -> #DIV/0! | N34: =K34/L34 -> #DIV/0! | O34: =K34/(L34-M34) -> #DIV/0!
A35: 31 | C35: =IF(ISBLANK(B35),"",VLOOKUP(B35,SÜRELER!$A:$B,2,FALSE)) | E35: =IF(ISBLANK($B35),"0",VLOOKUP($B35,SÜRELER!$A:$C,3,FALSE))*(D35-F35) -> 0 | G35: =VLOOKUP(B35,'R.H.'!A$3:C$3974,3,FALSE)*D35/100 -> #N/A | H35: =F35/D35 -> #DIV/0! | I35: =VLOOKUP(B35,'R.H.'!A$3:C$3974,3,FALSE)/100 -> #N/A | K35: =E35/J35 -> #DIV/0! | N35: =K35/L35 -> #DIV/0! | O35: =K35/(L35-M35) -> #DIV/0!
A36: 32 | C36: =IF(ISBLANK(B36),"",VLOOKUP(B36,SÜRELER!$A:$B,2,FALSE)) | E36: =IF(ISBLANK($B36),"0",VLOOKUP($B36,SÜRELER!$A:$C,3,FALSE))*(D36-F36) -> 0 | G36: =VLOOKUP(B36,'R.H.'!A$3:C$3974,3,FALSE)*D36/100 -> #N/A | H36: =F36/D36 -> #DIV/0! | I36: =VLOOKUP(B36,'R.H.'!A$3:C$3974,3,FALSE)/100 -> #N/A | K36: =E36/J36 -> #DIV/0! | N36: =K36/L36 -> #DIV/0! | O36: =K36/(L36-M36) -> #DIV/0!
A37: 33 | C37: =IF(ISBLANK(B37),"",VLOOKUP(B37,SÜRELER!$A:$B,2,FALSE)) | E37: =IF(ISBLANK($B37),"0",VLOOKUP($B37,SÜRELER!$A:$C,3,FALSE))*(D37-F37) -> 0 | G37: =VLOOKUP(B37,'R.H.'!A$3:C$3974,3,FALSE)*D37/100 -> #N/A | H37: =F37/D37 -> #DIV/0! | I37: =VLOOKUP(B37,'R.H.'!A$3:C$3974,3,FALSE)/100 -> #N/A | K37: =E37/J37 -> #DIV/0! | N37: =K37/L37 -> #DIV/0! | O37: =K37/(L37-M37) -> #DIV/0!
A38: 34 | C38: =IF(ISBLANK(B38),"",VLOOKUP(B38,SÜRELER!$A:$B,2,FALSE)) | E38: =IF(ISBLANK($B38),"0",VLOOKUP($B38,SÜRELER!$A:$C,3,FALSE))*(D38-F38) -> 0 | G38: =VLOOKUP(B38,'R.H.'!A$3:C$3974,3,FALSE)*D38/100 -> #N/A | H38: =F38/D38 -> #DIV/0! | I38: =VLOOKUP(B38,'R.H.'!A$3:C$3974,3,FALSE)/100 -> #N/A | K38: =E38/J38 -> #DIV/0! | N38: =K38/L38 -> #DIV/0! | O38: =K38/(L38-M38) -> #DIV/0!
A39: 35 | C39: =IF(ISBLANK(B39),"",VLOOKUP(B39,SÜRELER!$A:$B,2,FALSE)) | E39: =IF(ISBLANK($B39),"0",VLOOKUP($B39,SÜRELER!$A:$C,3,FALSE))*(D39-F39) -> 0 | G39: =VLOOKUP(B39,'R.H.'!A$3:C$3974,3,FALSE)*D39/100 -> #N/A | H39: =F39/D39 -> #DIV/0! | I39: =VLOOKUP(B39,'R.H.'!A$3:C$3974,3,FALSE)/100 -> #N/A | K39: =E39/J39 -> #DIV/0! | N39: =K39/L39 -> #DIV/0! | O39: =K39/(L39-M39) -> #DIV/0!
A40: 36 | C40: =IF(ISBLANK(B40),"",VLOOKUP(B40,SÜRELER!$A:$B,2,FALSE)) | E40: =IF(ISBLANK($B40),"0",VLOOKUP($B40,SÜRELER!$A:$C,3,FALSE))*(D40-F40) -> 0 | G40: =VLOOKUP(B40,'R.H.'!A$3:C$3974,3,FALSE)*D40/100 -> #N/A | H40: =F40/D40 -> #DIV/0! | I40: =VLOOKUP(B40,'R.H.'!A$3:C$3974,3,FALSE)/100 -> #N/A | K40: =E40/J40 -> #DIV/0! | N40: =K40/L40 -> #DIV/0! | O40: =K40/(L40-M40) -> #DIV/0!
A41: 37 | C41: =IF(ISBLANK(B41),"",VLOOKUP(B41,SÜRELER!$A:$B,2,FALSE)) | E41: =IF(ISBLANK($B41),"0",VLOOKUP($B41,SÜRELER!$A:$C,3,FALSE))*(D41-F41) -> 0 | G41: =VLOOKUP(B41,'R.H.'!A$3:C$3974,3,FALSE)*D41/100 -> #N/A | H41: =F41/D41 -> #DIV/0! | I41: =VLOOKUP(B41,'R.H.'!A$3:C$3974,3,FALSE)/100 -> #N/A | K41: =E41/J41 -> #DIV/0! | N41: =K41/L41 -> #DIV/0! | O41: =K41/(L41-M41) -> #DIV/0!
A42: 38 | C42: =IF(ISBLANK(B42),"",VLOOKUP(B42,SÜRELER!$A:$B,2,FALSE)) | E42: =IF(ISBLANK($B42),"0",VLOOKUP($B42,SÜRELER!$A:$C,3,FALSE))*(D42-F42) -> 0 | G42: =VLOOKUP(B42,'R.H.'!A$3:C$3974,3,FALSE)*D42/100 -> #N/A | H42: =F42/D42 -> #DIV/0! | I42: =VLOOKUP(B42,'R.H.'!A$3:C$3974,3,FALSE)/100 -> #N/A | K42: =E42/J42 -> #DIV/0! | N42: =K42/L42 -> #DIV/0! | O42: =K42/(L42-M42) -> #DIV/0!
A43: 39 | C43: =IF(ISBLANK(B43),"",VLOOKUP(B43,SÜRELER!$A:$B,2,FALSE)) | E43: =IF(ISBLANK($B43),"0",VLOOKUP($B43,SÜRELER!$A:$C,3,FALSE))*(D43-F43) -> 0 | G43: =VLOOKUP(B43,'R.H.'!A$3:C$3974,3,FALSE)*D43/100 -> #N/A | H43: =F43/D43 -> #DIV/0! | I43: =VLOOKUP(B43,'R.H.'!A$3:C$3974,3,FALSE)/100 -> #N/A | K43: =E43/J43 -> #DIV/0! | N43: =K43/L43 -> #DIV/0! | O43: =K43/(L43-M43) -> #DIV/0!
A44: 40 | C44: =IF(ISBLANK(B44),"",VLOOKUP(B44,SÜRELER!$A:$B,2,FALSE)) | E44: =IF(ISBLANK($B44),"0",VLOOKUP($B44,SÜRELER!$A:$C,3,FALSE))*(D44-F44) -> 0 | F44: 6 | G44: =VLOOKUP(B44,'R.H.'!A$3:C$3974,3,FALSE)*D44/100 -> #N/A | H44: =F44/D44 -> #DIV/0! | I44: =VLOOKUP(B44,'R.H.'!A$3:C$3974,3,FALSE)/100 -> #N/A | J44: 0.5 | K44: =E44/J44 -> 0 | N44: =K44/L44 -> #DIV/0! | O44: =K44/(L44-M44) -> #DIV/0!
D45: =SUM(D5:D44) -> 31629 | E45: =SUM(E5:E44) -> #N/A | F45: =SUM(F5:F44) -> 324 | L45: =SUM(L5:L44) -> 40450 | M45: =SUM(M5:M44) -> 0
D46: % | E46: =F45/D45*100 -> 1.0243764
C49: Eleman Sayısı : | D49: 4
C50: Vardiyadaki Personel Sayısı : | D50: 53
C51: Tplm K. Kapasite : | D51: =(IF(A2="Cuma",D49*470,D49*520))+(D50*430) -> 24670
C52: Dış Bölüm/Görev :
C53: Duruş (Arıza, Mlz.Bekl,Set-up…) : | D53: 180
C54: Eğitim / İdari :
C55: Tedarikçi kaynaklı kayıp :
C56: Deneme :
C57: İş Tekrarı :
C58: Gerçek Kapasite : | D58: =D51-SUM(D52:E57) -> 24490
C59: DURUŞLARIN TOPLAMI | D59: =SUM(D52:D56) -> 180
D62: PLAN | E62: GERÇEKLEŞEN | F62: FİRE | G62: FİRE ORANI | H62: DURUŞ | I62: %
D63: =E63/I63 -> #N/A | E63: =D45 -> 31629 | F63: =F45 -> 324 | G63: =(F63*1000000)/E63 -> 10243.764 | H63: =D59 -> 180 | I63: =N1 -> #N/A

Sheet 4
A1: ='3'!A1+1 -> 46207 | H1: Genel Verimlilik | N1: =E45/D51 -> #N/A | P1: ANA SAYFA
A2: =TEXT(A1,"gggg") -> Cumartesi
C3: TOPLAM ÜRETİM | D3: =D45 -> 10196
A4: S.No | B4: P. Kod | C4: Ürün Tanımı | D4: Ürt. Adt | E4: Std. Süre Dk | G4: SAP Rjm Fire Adt | H4: Fire % | I4: SAP Std Fire % | K4: Std T.Süresi (Dk) | L4: Gerçekleşen Toplam Süre | M4: Kayıp Zamanlar Toplamı | N4: Ürün Performansı | O4: İşçilik Performansı | P4: Açıklama
A5: 1 | B5: 2060 | C5: =IF(ISBLANK(B5),"",VLOOKUP(B5,SÜRELER!$A:$B,2,FALSE)) -> #N/A | D5: 212 | E5: =IF(ISBLANK($B5),"0",VLOOKUP($B5,SÜRELER!$A:$C,3,FALSE))*(D5-F5) -> #N/A | F5: 0 | G5: =VLOOKUP(B5,'R.H.'!A$3:C$3974,3,FALSE)*D5/100 -> #N/A | H5: =F5/D5 -> 0 | I5: =VLOOKUP(B5,'R.H.'!A$3:C$3974,3,FALSE)/100 -> #N/A | J5: 0.5 | K5: =E5/J5 -> #N/A | L5: 350 | N5: =K5/L5 -> #N/A | O5: =K5/(L5-M5) -> #N/A | P5: R4S KALIP SICAK YOLLUK ARZASI
A6: 2 | B6: 2061 | C6: =IF(ISBLANK(B6),"",VLOOKUP(B6,SÜRELER!$A:$B,2,FALSE)) -> #N/A | D6: 212 | E6: =IF(ISBLANK($B6),"0",VLOOKUP($B6,SÜRELER!$A:$C,3,FALSE))*(D6-F6) -> #N/A | F6: 20 | G6: =VLOOKUP(B6,'R.H.'!A$3:C$3974,3,FALSE)*D6/100 -> #N/A | H6: =F6/D6 -> 0.094339623 | I6: =VLOOKUP(B6,'R.H.'!A$3:C$3974,3,FALSE)/100 -> #N/A | J6: 0.5 | K6: =E6/J6 -> #N/A | L6: 330 | N6: =K6/L6 -> #N/A | O6: =K6/(L6-M6) -> #N/A
A7: 3 | B7: 714 | C7: =IF(ISBLANK(B7),"",VLOOKUP(B7,SÜRELER!$A:$B,2,FALSE)) -> #N/A | D7: =656+173 -> 829 | E7: =IF(ISBLANK($B7),"0",VLOOKUP($B7,SÜRELER!$A:$C,3,FALSE))*(D7-F7) -> #N/A | F7: 9 | G7: =VLOOKUP(B7,'R.H.'!A$3:C$3974,3,FALSE)*D7/100 -> #N/A | H7: =F7/D7 -> 0.010856454 | I7: =VLOOKUP(B7,'R.H.'!A$3:C$3974,3,FALSE)/100 -> #N/A | J7: 0.5 | K7: =E7/J7 -> #N/A | L7: 840 | N7: =K7/L7 -> #N/A | O7: =K7/(L7-M7) -> #N/A
A8: 4 | B8: 715 | C8: =IF(ISBLANK(B8),"",VLOOKUP(B8,SÜRELER!$A:$B,2,FALSE)) -> #N/A | D8: 829 | E8: =IF(ISBLANK($B8),"0",VLOOKUP($B8,SÜRELER!$A:$C,3,FALSE))*(D8-F8) -> #N/A | F8: 9 | G8: =VLOOKUP(B8,'R.H.'!A$3:C$3974,3,FALSE)*D8/100 -> #N/A | H8: =F8/D8 -> 0.010856454 | I8: =VLOOKUP(B8,'R.H.'!A$3:C$3974,3,FALSE)/100 -> #N/A | J8: 0.5 | K8: =E8/J8 -> #N/A | L8: 840 | N8: =K8/L8 -> #N/A | O8: =K8/(L8-M8) -> #N/A
A9: 5 | B9: 2102 | C9: =IF(ISBLANK(B9),"",VLOOKUP(B9,SÜRELER!$A:$B,2,FALSE)) -> #N/A | D9: =276+104 -> 380 | E9: =IF(ISBLANK($B9),"0",VLOOKUP($B9,SÜRELER!$A:$C,3,FALSE))*(D9-F9) -> #N/A | F9: 28 | G9: =VLOOKUP(B9,'R.H.'!A$3:C$3974,3,FALSE)*D9/100 -> #N/A | H9: =F9/D9 -> 0.073684211 | I9: =VLOOKUP(B9,'R.H.'!A$3:C$3974,3,FALSE)/100 -> #N/A | J9: 0.17 | K9: =E9/J9 -> #N/A | L9: 2095 | N9: =K9/L9 -> #N/A | O9: =K9/(L9-M9) -> #N/A
A10: 6 | B10: 2103 | C10: =IF(ISBLANK(B10),"",VLOOKUP(B10,SÜRELER!$A:$B,2,FALSE)) -> #N/A | D10: 380 | E10: =IF(ISBLANK($B10),"0",VLOOKUP($B10,SÜRELER!$A:$C,3,FALSE))*(D10-F10) -> #N/A | F10: 28 | G10: =VLOOKUP(B10,'R.H.'!A$3:C$3974,3,FALSE)*D10/100 -> #N/A | H10: =F10/D10 -> 0.073684211 | I10: =VLOOKUP(B10,'R.H.'!A$3:C$3974,3,FALSE)/100 -> #N/A | J10: 0.17 | K10: =E10/J10 -> #N/A | L10: 2095 | N10: =K10/L10 -> #N/A | O10: =K10/(L10-M10) -> #N/A
A11: 7 | B11: 2070 | C11: =IF(ISBLANK(B11),"",VLOOKUP(B11,SÜRELER!$A:$B,2,FALSE)) -> #N/A | D11: =532+200 -> 732 | E11: =IF(ISBLANK($B11),"0",VLOOKUP($B11,SÜRELER!$A:$C,3,FALSE))*(D11-F11) -> #N/A | F11: 10 | G11: =VLOOKUP(B11,'R.H.'!A$3:C$3974,3,FALSE)*D11/100 -> #N/A | H11: =F11/D11 -> 0.013661202 | I11: =VLOOKUP(B11,'R.H.'!A$3:C$3974,3,FALSE)/100 -> #N/A | J11: 0.17 | K11: =E11/J11 -> #N/A | L11: 2000 | N11: =K11/L11 -> #N/A | O11: =K11/(L11-M11) -> #N/A
A12: 8 | B12: 2071 | C12: =IF(ISBLANK(B12),"",VLOOKUP(B12,SÜRELER!$A:$B,2,FALSE)) -> #N/A | D12: 732 | E12: =IF(ISBLANK($B12),"0",VLOOKUP($B12,SÜRELER!$A:$C,3,FALSE))*(D12-F12) -> #N/A | F12: 10 | G12: =VLOOKUP(B12,'R.H.'!A$3:C$3974,3,FALSE)*D12/100 -> #N/A | H12: =F12/D12 -> 0.013661202 | I12: =VLOOKUP(B12,'R.H.'!A$3:C$3974,3,FALSE)/100 -> #N/A | J12: 0.17 | K12: =E12/J12 -> #N/A | L12: 2000 | N12: =K12/L12 -> #N/A | O12: =K12/(L12-M12) -> #N/A
A13: 9 | B13: 1320 | C13: =IF(ISBLANK(B13),"",VLOOKUP(B13,SÜRELER!$A:$B,2,FALSE)) -> #N/A | D13: 474 | E13: =IF(ISBLANK($B13),"0",VLOOKUP($B13,SÜRELER!$A:$C,3,FALSE))*(D13-F13) -> #N/A | F13: 8 | G13: =VLOOKUP(B13,'R.H.'!A$3:C$3974,3,FALSE)*D13/100 -> #N/A | H13: =F13/D13 -> 0.016877637 | I13: =VLOOKUP(B13,'R.H.'!A$3:C$3974,3,FALSE)/100 -> #N/A | J13: 0.5 | K13: =E13/J13 -> #N/A | L13: 330 | N13: =K13/L13 -> #N/A | O13: =K13/(L13-M13) -> #N/A
A14: 10 | B14: 1321 | C14: =IF(ISBLANK(B14),"",VLOOKUP(B14,SÜRELER!$A:$B,2,FALSE)) -> #N/A | D14: 474 | E14: =IF(ISBLANK($B14),"0",VLOOKUP($B14,SÜRELER!$A:$C,3,FALSE))*(D14-F14) -> #N/A | F14: 8 | G14: =VLOOKUP(B14,'R.H.'!A$3:C$3974,3,FALSE)*D14/100 -> #N/A | H14: =F14/D14 -> 0.016877637 | I14: =VLOOKUP(B14,'R.H.'!A$3:C$3974,3,FALSE)/100 -> #N/A | J14: 0.5 | K14: =E14/J14 -> #N/A | L14: 330 | N14: =K14/L14 -> #N/A | O14: =K14/(L14-M14) -> #N/A
A15: 11 | B15: 98 | C15: =IF(ISBLANK(B15),"",VLOOKUP(B15,SÜRELER!$A:$B,2,FALSE)) -> #N/A | D15: 406 | E15: =IF(ISBLANK($B15),"0",VLOOKUP($B15,SÜRELER!$A:$C,3,FALSE))*(D15-F15) -> #N/A | F15: 15 | G15: =VLOOKUP(B15,'R.H.'!A$3:C$3974,3,FALSE)*D15/100 -> #N/A | H15: =F15/D15 -> 0.036945813 | I15: =VLOOKUP(B15,'R.H.'!A$3:C$3974,3,FALSE)/100 -> #N/A | J15: 0.5 | K15: =E15/J15 -> #N/A | L15: 680 | N15: =K15/L15 -> #N/A | O15: =K15/(L15-M15) -> #N/A
A16: 12 | B16: 99 | C16: =IF(ISBLANK(B16),"",VLOOKUP(B16,SÜRELER!$A:$B,2,FALSE)) -> #N/A | D16: 406 | E16: =IF(ISBLANK($B16),"0",VLOOKUP($B16,SÜRELER!$A:$C,3,FALSE))*(D16-F16) -> #N/A | F16: 15 | G16: =VLOOKUP(B16,'R.H.'!A$3:C$3974,3,FALSE)*D16/100 -> #N/A | H16: =F16/D16 -> 0.036945813 | I16: =VLOOKUP(B16,'R.H.'!A$3:C$3974,3,FALSE)/100 -> #N/A | J16: 0.5 | K16: =E16/J16 -> #N/A | L16: 680 | N16: =K16/L16 -> #N/A | O16: =K16/(L16-M16) -> #N/A
A17: 13 | B17: 472 | C17: =IF(ISBLANK(B17),"",VLOOKUP(B17,SÜRELER!$A:$B,2,FALSE)) -> #N/A | D17: =268+464 -> 732 | E17: =IF(ISBLANK($B17),"0",VLOOKUP($B17,SÜRELER!$A:$C,3,FALSE))*(D17-F17) -> #N/A | F17: 0 | G17: =VLOOKUP(B17,'R.H.'!A$3:C$3974,3,FALSE)*D17/100 -> #N/A | H17: =F17/D17 -> 0 | I17: =VLOOKUP(B17,'R.H.'!A$3:C$3974,3,FALSE)/100 -> #N/A | J17: 0.5 | K17: =E17/J17 -> #N/A | L17: 560 | N17: =K17/L17 -> #N/A | O17: =K17/(L17-M17) -> #N/A
A18: 14 | B18: 473 | C18: =IF(ISBLANK(B18),"",VLOOKUP(B18,SÜRELER!$A:$B,2,FALSE)) -> #N/A | D18: 732 | E18: =IF(ISBLANK($B18),"0",VLOOKUP($B18,SÜRELER!$A:$C,3,FALSE))*(D18-F18) -> #N/A | F18: 0 | G18: =VLOOKUP(B18,'R.H.'!A$3:C$3974,3,FALSE)*D18/100 -> #N/A | H18: =F18/D18 -> 0 | I18: =VLOOKUP(B18,'R.H.'!A$3:C$3974,3,FALSE)/100 -> #N/A | J18: 0.5 | K18: =E18/J18 -> #N/A | L18: 560 | N18: =K18/L18 -> #N/A | O18: =K18/(L18-M18) -> #N/A
A19: 15 | B19: 542 | C19: =IF(ISBLANK(B19),"",VLOOKUP(B19,SÜRELER!$A:$B,2,FALSE)) -> #N/A | D19: 38 | E19: =IF(ISBLANK($B19),"0",VLOOKUP($B19,SÜRELER!$A:$C,3,FALSE))*(D19-F19) -> #N/A | F19: 2 | G19: =VLOOKUP(B19,'R.H.'!A$3:C$3974,3,FALSE)*D19/100 -> #N/A | H19: =F19/D19 -> 0.052631579 | I19: =VLOOKUP(B19,'R.H.'!A$3:C$3974,3,FALSE)/100 -> #N/A | J19: 0.5 | K19: =E19/J19 -> #N/A | L19: 60 | N19: =K19/L19 -> #N/A | O19: =K19/(L19-M19) -> #N/A
A20: 16 | B20: 543 | C20: =IF(ISBLANK(B20),"",VLOOKUP(B20,SÜRELER!$A:$B,2,FALSE)) -> #N/A | D20: 38 | E20: =IF(ISBLANK($B20),"0",VLOOKUP($B20,SÜRELER!$A:$C,3,FALSE))*(D20-F20) -> #N/A | F20: 2 | G20: =VLOOKUP(B20,'R.H.'!A$3:C$3974,3,FALSE)*D20/100 -> #N/A | H20: =F20/D20 -> 0.052631579 | I20: =VLOOKUP(B20,'R.H.'!A$3:C$3974,3,FALSE)/100 -> #N/A | J20: 0.5 | K20: =E20/J20 -> #N/A | L20: 60 | N20: =K20/L20 -> #N/A | O20: =K20/(L20-M20) -> #N/A
A21: 17 | B21: 122 | C21: =IF(ISBLANK(B21),"",VLOOKUP(B21,SÜRELER!$A:$B,2,FALSE)) -> #N/A | D21: =160+193 -> 353 | E21: =IF(ISBLANK($B21),"0",VLOOKUP($B21,SÜRELER!$A:$C,3,FALSE))*(D21-F21) -> #N/A | F21: 0 | G21: =VLOOKUP(B21,'R.H.'!A$3:C$3974,3,FALSE)*D21/100 -> #N/A | H21: =F21/D21 -> 0 | I21: =VLOOKUP(B21,'R.H.'!A$3:C$3974,3,FALSE)/100 -> #N/A | J21: 0.5 | K21: =E21/J21 -> #N/A | L21: 995 | N21: =K21/L21 -> #N/A | O21: =K21/(L21-M21) -> #N/A
A22: 18 | B22: 123 | C22: =IF(ISBLANK(B22),"",VLOOKUP(B22,SÜRELER!$A:$B,2,FALSE)) -> #N/A | D22: 353 | E22: =IF(ISBLANK($B22),"0",VLOOKUP($B22,SÜRELER!$A:$C,3,FALSE))*(D22-F22) -> #N/A | F22: 0 | G22: =VLOOKUP(B22,'R.H.'!A$3:C$3974,3,FALSE)*D22/100 -> #N/A | H22: =F22/D22 -> 0 | I22: =VLOOKUP(B22,'R.H.'!A$3:C$3974,3,FALSE)/100 -> #N/A | J22: 0.5 | K22: =E22/J22 -> #N/A | L22: 995 | N22: =K22/L22 -> #N/A | O22: =K22/(L22-M22) -> #N/A
A23: 19 | B23: 1744 | C23: =IF(ISBLANK(B23),"",VLOOKUP(B23,SÜRELER!$A:$B,2,FALSE)) -> #N/A | D23: =437+255 -> 692 | E23: =IF(ISBLANK($B23),"0",VLOOKUP($B23,SÜRELER!$A:$C,3,FALSE))*(D23-F23) -> #N/A | F23: 12 | G23: =VLOOKUP(B23,'R.H.'!A$3:C$3974,3,FALSE)*D23/100 -> #N/A | H23: =F23/D23 -> 0.01734104 | I23: =VLOOKUP(B23,'R.H.'!A$3:C$3974,3,FALSE)/100 -> #N/A | J23: 0.5 | K23: =E23/J23 -> #N/A | L23: 920 | N23: =K23/L23 -> #N/A | O23: =K23/(L23-M23) -> #N/A
A24: 20 | B24: 1745 | C24: =IF(ISBLANK(B24),"",VLOOKUP(B24,SÜRELER!$A:$B,2,FALSE)) -> #N/A | D24: 692 | E24: =IF(ISBLANK($B24),"0",VLOOKUP($B24,SÜRELER!$A:$C,3,FALSE))*(D24-F24) -> #N/A | F24: 12 | G24: =VLOOKUP(B24,'R.H.'!A$3:C$3974,3,FALSE)*D24/100 -> #N/A | H24: =F24/D24 -> 0.01734104 | I24: =VLOOKUP(B24,'R.H.'!A$3:C$3974,3,FALSE)/100 -> #N/A | J24: 0.5 | K24: =E24/J24 -> #N/A | L24: 920 | N24: =K24/L24 -> #N/A | O24: =K24/(L24-M24) -> #N/A
A25: 21 | B25: 2077 | C25: =IF(ISBLANK(B25),"",VLOOKUP(B25,SÜRELER!$A:$B,2,FALSE)) -> #N/A | D25: 500 | E25: =IF(ISBLANK($B25),"0",VLOOKUP($B25,SÜRELER!$A:$C,3,FALSE))*(D25-F25) -> #N/A | F25: 2 | G25: =VLOOKUP(B25,'R.H.'!A$3:C$3974,3,FALSE)*D25/100 -> #N/A | H25: =F25/D25 -> 0.004 | I25: =VLOOKUP(B25,'R.H.'!A$3:C$3974,3,FALSE)/100 -> #N/A | J25: 1 | K25: =E25/J25 -> #N/A | L25: 505 | N25: =K25/L25 -> #N/A | O25: =K25/(L25-M25) -> #N/A
A26: 22 | C26: =IF(ISBLANK(B26),"",VLOOKUP(B26,SÜRELER!$A:$B,2,FALSE)) | E26: =IF(ISBLANK($B26),"0",VLOOKUP($B26,SÜRELER!$A:$C,3,FALSE))*(D26-F26) -> 0 | G26: =VLOOKUP(B26,'R.H.'!A$3:C$3974,3,FALSE)*D26/100 -> #N/A | H26: =F26/D26 -> #DIV/0! | I26: =VLOOKUP(B26,'R.H.'!A$3:C$3974,3,FALSE)/100 -> #N/A | K26: =E26/J26 -> #DIV/0! | N26: =K26/L26 -> #DIV/0! | O26: =K26/(L26-M26) -> #DIV/0!
A27: 23 | C27: =IF(ISBLANK(B27),"",VLOOKUP(B27,SÜRELER!$A:$B,2,FALSE)) | E27: =IF(ISBLANK($B27),"0",VLOOKUP($B27,SÜRELER!$A:$C,3,FALSE))*(D27-F27) -> 0 | G27: =VLOOKUP(B27,'R.H.'!A$3:C$3974,3,FALSE)*D27/100 -> #N/A | H27: =F27/D27 -> #DIV/0! | I27: =VLOOKUP(B27,'R.H.'!A$3:C$3974,3,FALSE)/100 -> #N/A | K27: =E27/J27 -> #DIV/0! | N27: =K27/L27 -> #DIV/0! | O27: =K27/(L27-M27) -> #DIV/0!
A28: 24 | C28: =IF(ISBLANK(B28),"",VLOOKUP(B28,SÜRELER!$A:$B,2,FALSE)) | E28: =IF(ISBLANK($B28),"0",VLOOKUP($B28,SÜRELER!$A:$C,3,FALSE))*(D28-F28) -> 0 | G28: =VLOOKUP(B28,'R.H.'!A$3:C$3974,3,FALSE)*D28/100 -> #N/A | H28: =F28/D28 -> #DIV/0! | I28: =VLOOKUP(B28,'R.H.'!A$3:C$3974,3,FALSE)/100 -> #N/A | K28: =E28/J28 -> #DIV/0! | N28: =K28/L28 -> #DIV/0! | O28: =K28/(L28-M28) -> #DIV/0!
A29: 25 | C29: =IF(ISBLANK(B29),"",VLOOKUP(B29,SÜRELER!$A:$B,2,FALSE)) | E29: =IF(ISBLANK($B29),"0",VLOOKUP($B29,SÜRELER!$A:$C,3,FALSE))*(D29-F29) -> 0 | G29: =VLOOKUP(B29,'R.H.'!A$3:C$3974,3,FALSE)*D29/100 -> #N/A | H29: =F29/D29 -> #DIV/0! | I29: =VLOOKUP(B29,'R.H.'!A$3:C$3974,3,FALSE)/100 -> #N/A | K29: =E29/J29 -> #DIV/0! | N29: =K29/L29 -> #DIV/0! | O29: =K29/(L29-M29) -> #DIV/0!
A30: 26 | C30: =IF(ISBLANK(B30),"",VLOOKUP(B30,SÜRELER!$A:$B,2,FALSE)) | E30: =IF(ISBLANK($B30),"0",VLOOKUP($B30,SÜRELER!$A:$C,3,FALSE))*(D30-F30) -> 0 | G30: =VLOOKUP(B30,'R.H.'!A$3:C$3974,3,FALSE)*D30/100 -> #N/A | H30: =F30/D30 -> #DIV/0! | I30: =VLOOKUP(B30,'R.H.'!A$3:C$3974,3,FALSE)/100 -> #N/A | K30: =E30/J30 -> #DIV/0! | N30: =K30/L30 -> #DIV/0! | O30: =K30/(L30-M30) -> #DIV/0!
A31: 27 | C31: =IF(ISBLANK(B31),"",VLOOKUP(B31,SÜRELER!$A:$B,2,FALSE)) | E31: =IF(ISBLANK($B31),"0",VLOOKUP($B31,SÜRELER!$A:$C,3,FALSE))*(D31-F31) -> 0 | G31: =VLOOKUP(B31,'R.H.'!A$3:C$3974,3,FALSE)*D31/100 -> #N/A | H31: =F31/D31 -> #DIV/0! | I31: =VLOOKUP(B31,'R.H.'!A$3:C$3974,3,FALSE)/100 -> #N/A | K31: =E31/J31 -> #DIV/0! | N31: =K31/L31 -> #DIV/0! | O31: =K31/(L31-M31) -> #DIV/0!
A32: 28 | C32: =IF(ISBLANK(B32),"",VLOOKUP(B32,SÜRELER!$A:$B,2,FALSE)) | E32: =IF(ISBLANK($B32),"0",VLOOKUP($B32,SÜRELER!$A:$C,3,FALSE))*(D32-F32) -> 0 | G32: =VLOOKUP(B32,'R.H.'!A$3:C$3974,3,FALSE)*D32/100 -> #N/A | H32: =F32/D32 -> #DIV/0! | I32: =VLOOKUP(B32,'R.H.'!A$3:C$3974,3,FALSE)/100 -> #N/A | K32: =E32/J32 -> #DIV/0! | N32: =K32/L32 -> #DIV/0! | O32: =K32/(L32-M32) -> #DIV/0!
A33: 29 | C33: =IF(ISBLANK(B33),"",VLOOKUP(B33,SÜRELER!$A:$B,2,FALSE)) | E33: =IF(ISBLANK($B33),"0",VLOOKUP($B33,SÜRELER!$A:$C,3,FALSE))*(D33-F33) -> 0 | G33: =VLOOKUP(B33,'R.H.'!A$3:C$3974,3,FALSE)*D33/100 -> #N/A | H33: =F33/D33 -> #DIV/0! | I33: =VLOOKUP(B33,'R.H.'!A$3:C$3974,3,FALSE)/100 -> #N/A | K33: =E33/J33 -> #DIV/0! | N33: =K33/L33 -> #DIV/0! | O33: =K33/(L33-M33) -> #DIV/0!
A34: 30 | C34: =IF(ISBLANK(B34),"",VLOOKUP(B34,SÜRELER!$A:$B,2,FALSE)) | E34: =IF(ISBLANK($B34),"0",VLOOKUP($B34,SÜRELER!$A:$C,3,FALSE))*(D34-F34) -> 0 | G34: =VLOOKUP(B34,'R.H.'!A$3:C$3974,3,FALSE)*D34/100 -> #N/A | H34: =F34/D34 -> #DIV/0! | I34: =VLOOKUP(B34,'R.H.'!A$3:C$3974,3,FALSE)/100 -> #N/A | K34: =E34/J34 -> #DIV/0! | N34: =K34/L34 -> #DIV/0! | O34: =K34/(L34-M34) -> #DIV/0!
A35: 31 | C35: =IF(ISBLANK(B35),"",VLOOKUP(B35,SÜRELER!$A:$B,2,FALSE)) | E35: =IF(ISBLANK($B35),"0",VLOOKUP($B35,SÜRELER!$A:$C,3,FALSE))*(D35-F35) -> 0 | G35: =VLOOKUP(B35,'R.H.'!A$3:C$3974,3,FALSE)*D35/100 -> #N/A | H35: =F35/D35 -> #DIV/0! | I35: =VLOOKUP(B35,'R.H.'!A$3:C$3974,3,FALSE)/100 -> #N/A | K35: =E35/J35 -> #DIV/0! | N35: =K35/L35 -> #DIV/0! | O35: =K35/(L35-M35) -> #DIV/0!
A36: 32 | C36: =IF(ISBLANK(B36),"",VLOOKUP(B36,SÜRELER!$A:$B,2,FALSE)) | E36: =IF(ISBLANK($B36),"0",VLOOKUP($B36,SÜRELER!$A:$C,3,FALSE))*(D36-F36) -> 0 | G36: =VLOOKUP(B36,'R.H.'!A$3:C$3974,3,FALSE)*D36/100 -> #N/A | H36: =F36/D36 -> #DIV/0! | I36: =VLOOKUP(B36,'R.H.'!A$3:C$3974,3,FALSE)/100 -> #N/A | K36: =E36/J36 -> #DIV/0! | N36: =K36/L36 -> #DIV/0! | O36: =K36/(L36-M36) -> #DIV/0!
A37: 33 | C37: =IF(ISBLANK(B37),"",VLOOKUP(B37,SÜRELER!$A:$B,2,FALSE)) | E37: =IF(ISBLANK($B37),"0",VLOOKUP($B37,SÜRELER!$A:$C,3,FALSE))*(D37-F37) -> 0 | G37: =VLOOKUP(B37,'R.H.'!A$3:C$3974,3,FALSE)*D37/100 -> #N/A | H37: =F37/D37 -> #DIV/0! | I37: =VLOOKUP(B37,'R.H.'!A$3:C$3974,3,FALSE)/100 -> #N/A | K37: =E37/J37 -> #DIV/0! | N37: =K37/L37 -> #DIV/0! | O37: =K37/(L37-M37) -> #DIV/0!
... A44: 40 | C44: =IF(ISBLANK(B44),"",VLOOKUP(B44,SÜRELER!$A:$B,2,FALSE)) | E44: =IF(ISBLANK($B44),"0",VLOOKUP($B44,SÜRELER!$A:$C,3,FALSE))*(D44-F44) -> 0 | G44: =VLOOKUP(B44,'R.H.'!A$3:C$3974,3,FALSE)*D44/100 -> #N/A | H44: =F44/D44 -> #DIV/0! | I44: =VLOOKUP(B44,'R.H.'!A$3:C$3974,3,FALSE)/100 -> #N/A | K44: =E44/J44 -> #DIV/0! | N44: =K44/L44 -> #DIV/0! | O44: =K44/(L44-M44) -> #DIV/0!
D45: =SUM(D5:D44) -> 10196 | E45: =SUM(E5:E44) -> #N/A | F45: =SUM(F5:F44) -> 190 | L45: =SUM(L5:L44) -> 18145 | M45: =SUM(M5:M44) -> 0
D46: % | E46: =F45/D45*100 -> 1.8634759
C49: Eleman Sayısı : | D49: 4
C50: Vardiyadaki Personel Sayısı : | D50: 11
C51: Tplm K. Kapasite : | D51: =(IF(A2="Cuma",D49*470,D49*520))+(D50*430) -> 6810
C52: Dış Bölüm/Görev :
C53: Duruş (Arıza, Mlz.Bekl,Set-up…) : | D53: 180
C54: Eğitim / İdari :
C55: Tedarikçi kaynaklı kayıp :
C56: Deneme :
C57: İş Tekrarı :
C58: Gerçek Kapasite : | D58: =D51-SUM(D52:E57) -> 6630
C59: DURUŞLARIN TOPLAMI | D59: =SUM(D52:D56) -> 180
D62: PLAN | E62: GERÇEKLEŞEN | F62: FİRE | G62: FİRE ORANI | H62: DURUŞ | I62: %
D63: =E63/I63 -> #N/A | E63: =D45 -> 10196 | F63: =F45 -> 190 | G63: =(F63*1000000)/E63 -> 18634.759 | H63: =D59 -> 180 | I63: =N1 -> #N/A

Sheet 5
A1: ='4'!A1+1 -> 46208 | H1: Genel Verimlilik | N1: =E45/D51 -> #N/A | P1: ANA SAYFA
A2: =TEXT(A1,"gggg") -> Pazar
C3: TOPLAM ÜRETİM | D3: =D45 -> 25475
A4: S.No | B4: P. Kod | C4: Ürün Tanımı | D4: Ürt. Adt | E4: Std. Süre Dk | G4: SAP Rjm Fire Adt | H4: Fire % | I4: SAP Std Fire % | K4: Std T.Süresi (Dk) | L4: Gerçekleşen Toplam Süre | M4: Kayıp Zamanlar Toplamı | N4: Ürün Performansı | O4: İşçilik Performansı | P4: Açıklama
A5: 1 | B5: 1330 | C5: =IF(ISBLANK(B5),"",VLOOKUP(B5,SÜRELER!$A:$B,2,FALSE)) -> #N/A | D5: =256+762 -> 1018 | E5: =IF(ISBLANK($B5),"0",VLOOKUP($B5,SÜRELER!$A:$C,3,FALSE))*(D5-F5) -> #N/A | F5: 2 | G5: =VLOOKUP(B5,'R.H.'!A$3:C$3974,3,FALSE)*D5/100 -> #N/A | H5: =F5/D5 -> 0.0019646365 | I5: =VLOOKUP(B5,'R.H.'!A$3:C$3974,3,FALSE)/100 -> #N/A | J5: 0.5 | K5: =E5/J5 -> #N/A | L5: 432 | N5: =K5/L5 -> #N/A | O5: =K5/(L5-M5) -> #N/A
A6: 2 | B6: 1331 | C6: =IF(ISBLANK(B6),"",VLOOKUP(B6,SÜRELER!$A:$B,2,FALSE)) -> #N/A | D6: 1018 | E6: =IF(ISBLANK($B6),"0",VLOOKUP($B6,SÜRELER!$A:$C,3,FALSE))*(D6-F6) -> #N/A | F6: 2 | G6: =VLOOKUP(B6,'R.H.'!A$3:C$3974,3,FALSE)*D6/100 -> #N/A | H6: =F6/D6 -> 0.0019646365 | I6: =VLOOKUP(B6,'R.H.'!A$3:C$3974,3,FALSE)/100 -> #N/A | J6: 0.5 | K6: =E6/J6 -> #N/A | L6: 432 | N6: =K6/L6 -> #N/A | O6: =K6/(L6-M6) -> #N/A
A7: 3 | B7: 1670 | C7: =IF(ISBLANK(B7),"",VLOOKUP(B7,SÜRELER!$A:$B,2,FALSE)) -> #N/A | D7: =216+319 -> 535 | E7: =IF(ISBLANK($B7),"0",VLOOKUP($B7,SÜRELER!$A:$C,3,FALSE))*(D7-F7) -> #N/A | G7: =VLOOKUP(B7,'R.H.'!A$3:C$3974,3,FALSE)*D7/100 -> #N/A | H7: =F7/D7 -> 0 | I7: =VLOOKUP(B7,'R.H.'!A$3:C$3974,3,FALSE)/100 -> #N/A | J7: 0.17 | K7: =E7/J7 -> #N/A | L7: 855 | N7: =K7/L7 -> #N/A | O7: =K7/(L7-M7) -> #N/A
A8: 4 | B8: 1671 | C8: =IF(ISBLANK(B8),"",VLOOKUP(B8,SÜRELER!$A:$B,2,FALSE)) -> #N/A | D8: 535 | E8: =IF(ISBLANK($B8),"0",VLOOKUP($B8,SÜRELER!$A:$C,3,FALSE))*(D8-F8) -> #N/A | G8: =VLOOKUP(B8,'R.H.'!A$3:C$3974,3,FALSE)*D8/100 -> #N/A | H8: =F8/D8 -> 0 | I8: =VLOOKUP(B8,'R.H.'!A$3:C$3974,3,FALSE)/100 -> #N/A | J8: 0.17 | K8: =E8/J8 -> #N/A | L8: 855 | N8: =K8/L8 -> #N/A | O8: =K8/(L8-M8) -> #N/A
A9: 5 | B9: 1672 | C9: =IF(ISBLANK(B9),"",VLOOKUP(B9,SÜRELER!$A:$B,2,FALSE)) -> #N/A | D9: 535 | E9: =IF(ISBLANK($B9),"0",VLOOKUP($B9,SÜRELER!$A:$C,3,FALSE))*(D9-F9) -> #N/A | G9: =VLOOKUP(B9,'R.H.'!A$3:C$3974,3,FALSE)*D9/100 -> #N/A | H9: =F9/D9 -> 0 | I9: =VLOOKUP(B9,'R.H.'!A$3:C$3974,3,FALSE)/100 -> #N/A | J9: 0.17 | K9: =E9/J9 -> #N/A | L9: 855 | N9: =K9/L9 -> #N/A | O9: =K9/(L9-M9) -> #N/A
A10: 6 | B10: 1673 | C10: =IF(ISBLANK(B10),"",VLOOKUP(B10,SÜRELER!$A:$B,2,FALSE)) -> #N/A | D10: 535 | E10: =IF(ISBLANK($B10),"0",VLOOKUP($B10,SÜRELER!$A:$C,3,FALSE))*(D10-F10) -> #N/A | G10: =VLOOKUP(B10,'R.H.'!A$3:C$3974,3,FALSE)*D10/100 -> #N/A | H10: =F10/D10 -> 0 | I10: =VLOOKUP(B10,'R.H.'!A$3:C$3974,3,FALSE)/100 -> #N/A | J10: 0.17 | K10: =E10/J10 -> #N/A | L10: 855 | N10: =K10/L10 -> #N/A | O10: =K10/(L10-M10) -> #N/A
A11: 7 | B11: 1678 | C11: =IF(ISBLANK(B11),"",VLOOKUP(B11,SÜRELER!$A:$B,2,FALSE)) -> #N/A | D11: 269 | E11: =IF(ISBLANK($B11),"0",VLOOKUP($B11,SÜRELER!$A:$C,3,FALSE))*(D11-F11) -> #N/A | F11: 3 | G11: =VLOOKUP(B11,'R.H.'!A$3:C$3974,3,FALSE)*D11/100 -> #N/A | H11: =F11/D11 -> 0.011152416 | I11: =VLOOKUP(B11,'R.H.'!A$3:C$3974,3,FALSE)/100 -> #N/A | J11: 0.5 | K11: =E11/J11 -> #N/A | L11: 450 | N11: =K11/L11 -> #N/A | O11: =K11/(L11-M11) -> #N/A
A12: 8 | B12: 1679 | C12: =IF(ISBLANK(B12),"",VLOOKUP(B12,SÜRELER!$A:$B,2,FALSE)) -> #N/A | D12: 269 | E12: =IF(ISBLANK($B12),"0",VLOOKUP($B12,SÜRELER!$A:$C,3,FALSE))*(D12-F12) -> #N/A | F12: 3 | G12: =VLOOKUP(B12,'R.H.'!A$3:C$3974,3,FALSE)*D12/100 -> #N/A | H12: =F12/D12 -> 0.011152416 | I12: =VLOOKUP(B12,'R.H.'!A$3:C$3974,3,FALSE)/100 -> #N/A | J12: 0.5 | K12: =E12/J12 -> #N/A | L12: 450 | N12: =K12/L12 -> #N/A | O12: =K12/(L12-M12) -> #N/A
A13: 9 | B13: 2111 | C13: =IF(ISBLANK(B13),"",VLOOKUP(B13,SÜRELER!$A:$B,2,FALSE)) -> #N/A | D13: =507+364 -> 871 | E13: =IF(ISBLANK($B13),"0",VLOOKUP($B13,SÜRELER!$A:$C,3,FALSE))*(D13-F13) -> #N/A | F13: 11 | G13: =VLOOKUP(B13,'R.H.'!A$3:C$3974,3,FALSE)*D13/100 -> #N/A | H13: =F13/D13 -> 0.012629162 | I13: =VLOOKUP(B13,'R.H.'!A$3:C$3974,3,FALSE)/100 -> #N/A | J13: 0.5 | K13: =E13/J13 -> #N/A | L13: 950 | N13: =K13/L13 -> #N/A | O13: =K13/(L13-M13) -> #N/A
A14: 10 | B14: 2112 | C14: =IF(ISBLANK(B14),"",VLOOKUP(B14,SÜRELER!$A:$B,2,FALSE)) -> #N/A | D14: 871 | E14: =IF(ISBLANK($B14),"0",VLOOKUP($B14,SÜRELER!$A:$C,3,FALSE))*(D14-F14) -> #N/A | F14: 11 | G14: =VLOOKUP(B14,'R.H.'!A$3:C$3974,3,FALSE)*D14/100 -> #N/A | H14: =F14/D14 -> 0.012629162 | I14: =VLOOKUP(B14,'R.H.'!A$3:C$3974,3,FALSE)/100 -> #N/A | J14: 0.5 | K14: =E14/J14 -> #N/A | L14: 950 | N14: =K14/L14 -> #N/A | O14: =K14/(L14-M14) -> #N/A
A15: 11 | B15: 714 | C15: =IF(ISBLANK(B15),"",VLOOKUP(B15,SÜRELER!$A:$B,2,FALSE)) -> #N/A | D15: =498+602 -> 1100 | E15: =IF(ISBLANK($B15),"0",VLOOKUP($B15,SÜRELER!$A:$C,3,FALSE))*(D15-F15) -> #N/A | F15: 2 | G15: =VLOOKUP(B15,'R.H.'!A$3:C$3974,3,FALSE)*D15/100 -> #N/A | H15: =F15/D15 -> 0.0018181818 | I15: =VLOOKUP(B15,'R.H.'!A$3:C$3974,3,FALSE)/100 -> #N/A | J15: 0.5 | K15: =E15/J15 -> #N/A | L15: 1100 | N15: =K15/L15 -> #N/A | O15: =K15/(L15-M15) -> #N/A
A16: 12 | B16: 715 | C16: =IF(ISBLANK(B16),"",VLOOKUP(B16,SÜRELER!$A:$B,2,FALSE)) -> #N/A | D16: 1100 | E16: =IF(ISBLANK($B16),"0",VLOOKUP($B16,SÜRELER!$A:$C,3,FALSE))*(D16-F16) -> #N/A | F16: 2 | G16: =VLOOKUP(B16,'R.H.'!A$3:C$3974,3,FALSE)*D16/100 -> #N/A | H16: =F16/D16 -> 0.0018181818 | I16: =VLOOKUP(B16,'R.H.'!A$3:C$3974,3,FALSE)/100 -> #N/A | J16: 0.5 | K16: =E16/J16 -> #N/A | L16: 1100 | N16: =K16/L16 -> #N/A | O16: =K16/(L16-M16) -> #N/A
A17: 13 | B17: 352 | C17: =IF(ISBLANK(B17),"",VLOOKUP(B17,SÜRELER!$A:$B,2,FALSE)) -> #N/A | D17: =256+52 -> 308 | E17: =IF(ISBLANK($B17),"0",VLOOKUP($B17,SÜRELER!$A:$C,3,FALSE))*(D17-F17) -> #N/A | F17: 8 | G17: =VLOOKUP(B17,'R.H.'!A$3:C$3974,3,FALSE)*D17/100 -> #N/A | H17: =F17/D17 -> 0.025974026 | I17: =VLOOKUP(B17,'R.H.'!A$3:C$3974,3,FALSE)/100 -> #N/A | J17: 1 | K17: =E17/J17 -> #N/A | L17: 245 | N17: =K17/L17 -> #N/A | O17: =K17/(L17-M17) -> #N/A
A18: 14 | B18: 353 | C18: =IF(ISBLANK(B18),"",VLOOKUP(B18,SÜRELER!$A:$B,2,FALSE)) -> #N/A | D18: 308 | E18: =IF(ISBLANK($B18),"0",VLOOKUP($B18,SÜRELER!$A:$C,3,FALSE))*(D18-F18) -> #N/A | F18: 8 | G18: =VLOOKUP(B18,'R.H.'!A$3:C$3974,3,FALSE)*D18/100 -> #N/A | H18: =F18/D18 -> 0.025974026 | I18: =VLOOKUP(B18,'R.H.'!A$3:C$3974,3,FALSE)/100 -> #N/A | J18: 1 | K18: =E18/J18 -> #N/A | L18: 245 | N18: =K18/L18 -> #N/A | O18: =K18/(L18-M18) -> #N/A
A19: 15 | B19: 83 | C19: =IF(ISBLANK(B19),"",VLOOKUP(B19,SÜRELER!$A:$B,2,FALSE)) -> #N/A | D19: =95+386 -> 481 | E19: =IF(ISBLANK($B19),"0",VLOOKUP($B19,SÜRELER!$A:$C,3,FALSE))*(D19-F19) -> #N/A | F19: 10 | G19: =VLOOKUP(B19,'R.H.'!A$3:C$3974,3,FALSE)*D19/100 -> #N/A | H19: =F19/D19 -> 0.020790021 | I19: =VLOOKUP(B19,'R.H.'!A$3:C$3974,3,FALSE)/100 -> #N/A | J19: 0.5 | K19: =E19/J19 -> #N/A | L19: 592 | N19: =K19/L19 -> #N/A | O19: =K19/(L19-M19) -> #N/A
A20: 16 | B20: 84 | C20: =IF(ISBLANK(B20),"",VLOOKUP(B20,SÜRELER!$A:$B,2,FALSE)) -> #N/A | D20: 481 | E20: =IF(ISBLANK($B20),"0",VLOOKUP($B20,SÜRELER!$A:$C,3,FALSE))*(D20-F20) -> #N/A | F20: 10 | G20: =VLOOKUP(B20,'R.H.'!A$3:C$3974,3,FALSE)*D20/100 -> #N/A | H20: =F20/D20 -> 0.020790021 | I20: =VLOOKUP(B20,'R.H.'!A$3:C$3974,3,FALSE)/100 -> #N/A | J20: 0.5 | K20: =E20/J20 -> #N/A | L20: 592 | N20: =K20/L20 -> #N/A | O20: =K20/(L20-M20) -> #N/A
A21: 17 | B21: 1461 | C21: =IF(ISBLANK(B21),"",VLOOKUP(B21,SÜRELER!$A:$B,2,FALSE)) -> #N/A | D21: =210+235 -> 445 | E21: =IF(ISBLANK($B21),"0",VLOOKUP($B21,SÜRELER!$A:$C,3,FALSE))*(D21-F21) -> #N/A | F21: 10 | G21: =VLOOKUP(B21,'R.H.'!A$3:C$3974,3,FALSE)*D21/100 -> #N/A | H21: =F21/D21 -> 0.02247191 | I21: =VLOOKUP(B21,'R.H.'!A$3:C$3974,3,FALSE)/100 -> #N/A | J21: 1 | K21: =E21/J21 -> #N/A | L21: 890 | N21: =K21/L21 -> #N/A | O21: =K21/(L21-M21) -> #N/A
A22: 18 | B22: 8915 | C22: =IF(ISBLANK(B22),"",VLOOKUP(B22,SÜRELER!$A:$B,2,FALSE)) -> #N/A | D22: 176 | E22: =IF(ISBLANK($B22),"0",VLOOKUP($B22,SÜRELER!$A:$C,3,FALSE))*(D22-F22) -> #N/A | F22: 0 | G22: =VLOOKUP(B22,'R.H.'!A$3:C$3974,3,FALSE)*D22/100 -> #N/A | H22: =F22/D22 -> 0 | I22: =VLOOKUP(B22,'R.H.'!A$3:C$3974,3,FALSE)/100 -> #N/A | J22: 2 | K22: =E22/J22 -> #N/A | L22: 155 | N22: =K22/L22 -> #N/A | O22: =K22/(L22-M22) -> #N/A
A23: 19 | B23: 1922 | C23: =IF(ISBLANK(B23),"",VLOOKUP(B23,SÜRELER!$A:$B,2,FALSE)) -> #N/A | D23: 12900 | E23: =IF(ISBLANK($B23),"0",VLOOKUP($B23,SÜRELER!$A:$C,3,FALSE))*(D23-F23) -> #N/A | F23: 0 | G23: =VLOOKUP(B23,'R.H.'!A$3:C$3974,3,FALSE)*D23/100 -> #N/A | H23: =F23/D23 -> 0 | I23: =VLOOKUP(B23,'R.H.'!A$3:C$3974,3,FALSE)/100 -> #N/A | J23: 1 | K23: =E23/J23 -> #N/A | L23: 2210 | N23: =K23/L23 -> #N/A | O23: =K23/(L23-M23) -> #N/A
A24: 20 | B24: 1418 | C24: =IF(ISBLANK(B24),"",VLOOKUP(B24,SÜRELER!$A:$B,2,FALSE)) -> #N/A | D24: 215 | E24: =IF(ISBLANK($B24),"0",VLOOKUP($B24,SÜRELER!$A:$C,3,FALSE))*(D24-F24) -> #N/A | F24: 2 | G24: =VLOOKUP(B24,'R.H.'!A$3:C$3974,3,FALSE)*D24/100 -> #N/A | H24: =F24/D24 -> 0.0093023256 | I24: =VLOOKUP(B24,'R.H.'!A$3:C$3974,3,FALSE)/100 -> #N/A | J24: 0.5 | K24: =E24/J24 -> #N/A | L24: 355 | N24: =K24/L24 -> #N/A | O24: =K24/(L24-M24) -> #N/A
A25: 21 | B25: 1419 | C25: =IF(ISBLANK(B25),"",VLOOKUP(B25,SÜRELER!$A:$B,2,FALSE)) -> #N/A | D25: 215 | E25: =IF(ISBLANK($B25),"0",VLOOKUP($B25,SÜRELER!$A:$C,3,FALSE))*(D25-F25) -> #N/A | F25: 2 | G25: =VLOOKUP(B25,'R.H.'!A$3:C$3974,3,FALSE)*D25/100 -> #N/A | H25: =F25/D25 -> 0.0093023256 | I25: =VLOOKUP(B25,'R.H.'!A$3:C$3974,3,FALSE)/100 -> #N/A | J25: 0.5 | K25: =E25/J25 -> #N/A | L25: 355 | N25: =K25/L25 -> #N/A | O25: =K25/(L25-M25) -> #N/A
A26: 22 | B26: 287 | C26: =IF(ISBLANK(B26),"",VLOOKUP(B26,SÜRELER!$A:$B,2,FALSE)) -> #N/A | D26: 645 | E26: =IF(ISBLANK($B26),"0",VLOOKUP($B26,SÜRELER!$A:$C,3,FALSE))*(D26-F26) -> #N/A | F26: 5 | G26: =VLOOKUP(B26,'R.H.'!A$3:C$3974,3,FALSE)*D26/100 -> #N/A | H26: =F26/D26 -> 0.007751938 | I26: =VLOOKUP(B26,'R.H.'!A$3:C$3974,3,FALSE)/100 -> #N/A | J26: 0.5 | K26: =E26/J26 -> #N/A | L26: 545 | N26: =K26/L26 -> #N/A | O26: =K26/(L26-M26) -> #N/A
A27: 23 | B27: 288 | C27: =IF(ISBLANK(B27),"",VLOOKUP(B27,SÜRELER!$A:$B,2,FALSE)) -> #N/A | D27: 645 | E27: =IF(ISBLANK($B27),"0",VLOOKUP($B27,SÜRELER!$A:$C,3,FALSE))*(D27-F27) -> #N/A | F27: 5 | G27: =VLOOKUP(B27,'R.H.'!A$3:C$3974,3,FALSE)*D27/100 -> #N/A | H27: =F27/D27 -> 0.007751938 | I27: =VLOOKUP(B27,'R.H.'!A$3:C$3974,3,FALSE)/100 -> #N/A | J27: 0.5 | K27: =E27/J27 -> #N/A | L27: 545 | N27: =K27/L27 -> #N/A | O27: =K27/(L27-M27) -> #N/A
A28: 24 | C28: =IF(ISBLANK(B28),"",VLOOKUP(B28,SÜRELER!$A:$B,2,FALSE)) | E28: =IF(ISBLANK($B28),"0",VLOOKUP($B28,SÜRELER!$A:$C,3,FALSE))*(D28-F28) -> 0 | G28: =VLOOKUP(B28,'R.H.'!A$3:C$3974,3,FALSE)*D28/100 -> #N/A | H28: =F28/D28 -> #DIV/0! | I28: =VLOOKUP(B28,'R.H.'!A$3:C$3974,3,FALSE)/100 -> #N/A | K28: =E28/J28 -> #DIV/0! | N28: =K28/L28 -> #DIV/0! | O28: =K28/(L28-M28) -> #DIV/0!
A29: 25 | C29: =IF(ISBLANK(B29),"",VLOOKUP(B29,SÜRELER!$A:$B,2,FALSE)) | E29: =IF(ISBLANK($B29),"0",VLOOKUP($B29,SÜRELER!$A:$C,3,FALSE))*(D29-F29) -> 0 | G29: =VLOOKUP(B29,'R.H.'!A$3:C$3974,3,FALSE)*D29/100 -> #N/A | H29: =F29/D29 -> #DIV/0! | I29: =VLOOKUP(B29,'R.H.'!A$3:C$3974,3,FALSE)/100 -> #N/A | K29: =E29/J29 -> #DIV/0! | N29: =K29/L29 -> #DIV/0! | O29: =K29/(L29-M29) -> #DIV/0!
A30: 26 | C30: =IF(ISBLANK(B30),"",VLOOKUP(B30,SÜRELER!$A:$B,2,FALSE)) | E30: =IF(ISBLANK($B30),"0",VLOOKUP($B30,SÜRELER!$A:$C,3,FALSE))*(D30-F30) -> 0 | G30: =VLOOKUP(B30,'R.H.'!A$3:C$3974,3,FALSE)*D30/100 -> #N/A | H30: =F30/D30 -> #DIV/0! | I30: =VLOOKUP(B30,'R.H.'!A$3:C$3974,3,FALSE)/100 -> #N/A | K30: =E30/J30 -> #DIV/0! | N30: =K30/L30 -> #DIV/0! | O30: =K30/(L30-M30) -> #DIV/0!
A31: 27 | C31: =IF(ISBLANK(B31),"",VLOOKUP(B31,SÜRELER!$A:$B,2,FALSE)) | E31: =IF(ISBLANK($B31),"0",VLOOKUP($B31,SÜRELER!$A:$C,3,FALSE))*(D31-F31) -> 0 | G31: =VLOOKUP(B31,'R.H.'!A$3:C$3974,3,FALSE)*D31/100 -> #N/A | H31: =F31/D31 -> #DIV/0! | I31: =VLOOKUP(B31,'R.H.'!A$3:C$3974,3,FALSE)/100 -> #N/A | K31: =E31/J31 -> #DIV/0! | N31: =K31/L31 -> #DIV/0! | O31: =K31/(L31-M31) -> #DIV/0!
A32: 28 | C32: =IF(ISBLANK(B32),"",VLOOKUP(B32,SÜRELER!$A:$B,2,FALSE)) | E32: =IF(ISBLANK($B32),"0",VLOOKUP($B32,SÜRELER!$A:$C,3,FALSE))*(D32-F32) -> 0 | G32: =VLOOKUP(B32,'R.H.'!A$3:C$3974,3,FALSE)*D32/100 -> #N/A | H32: =F32/D32 -> #DIV/0! | I32: =VLOOKUP(B32,'R.H.'!A$3:C$3974,3,FALSE)/100 -> #N/A | K32: =E32/J32 -> #DIV/0! | N32: =K32/L32 -> #DIV/0! | O32: =K32/(L32-M32) -> #DIV/0!
A33: 29 | C33: =IF(ISBLANK(B33),"",VLOOKUP(B33,SÜRELER!$A:$B,2,FALSE)) | E33: =IF(ISBLANK($B33),"0",VLOOKUP($B33,SÜRELER!$A:$C,3,FALSE))*(D33-F33) -> 0 | G33: =VLOOKUP(B33,'R.H.'!A$3:C$3974,3,FALSE)*D33/100 -> #N/A | H33: =F33/D33 -> #DIV/0! | I33: =VLOOKUP(B33,'R.H.'!A$3:C$3974,3,FALSE)/100 -> #N/A | K33: =E33/J33 -> #DIV/0! | N33: =K33/L33 -> #DIV/0! | O33: =K33/(L33-M33) -> #DIV/0!
A34: 30 | C34: =IF(ISBLANK(B34),"",VLOOKUP(B34,SÜRELER!$A:$B,2,FALSE)) | E34: =IF(ISBLANK($B34),"0",VLOOKUP($B34,SÜRELER!$A:$C,3,FALSE))*(D34-F34) -> 0 | G34: =VLOOKUP(B34,'R.H.'!A$3:C$3974,3,FALSE)*D34/100 -> #N/A | H34: =F34/D34 -> #DIV/0! | I34: =VLOOKUP(B34,'R.H.'!A$3:C$3974,3,FALSE)/100 -> #N/A | K34: =E34/J34 -> #DIV/0! | N34: =K34/L34 -> #DIV/0! | O34: =K34/(L34-M34) -> #DIV/0!
A35: 31 | C35: =IF(ISBLANK(B35),"",VLOOKUP(B35,SÜRELER!$A:$B,2,FALSE)) | E35: =IF(ISBLANK($B35),"0",VLOOKUP($B35,SÜRELER!$A:$C,3,FALSE))*(D35-F35) -> 0 | G35: =VLOOKUP(B35,'R.H.'!A$3:C$3974,3,FALSE)*D35/100 -> #N/A | H35: =F35/D35 -> #DIV/0! | I35: =VLOOKUP(B35,'R.H.'!A$3:C$3974,3,FALSE)/100 -> #N/A | K35: =E35/J35 -> #DIV/0! | N35: =K35/L35 -> #DIV/0! | O35: =K35/(L35-M35) -> #DIV/0!
A36: 32 | C36: =IF(ISBLANK(B36),"",VLOOKUP(B36,SÜRELER!$A:$B,2,FALSE)) | E36: =IF(ISBLANK($B36),"0",VLOOKUP($B36,SÜRELER!$A:$C,3,FALSE))*(D36-F36) -> 0 | G36: =VLOOKUP(B36,'R.H.'!A$3:C$3974,3,FALSE)*D36/100 -> #N/A | H36: =F36/D36 -> #DIV/0! | I36: =VLOOKUP(B36,'R.H.'!A$3:C$3974,3,FALSE)/100 -> #N/A | K36: =E36/J36 -> #DIV/0! | N36: =K36/L36 -> #DIV/0! | O36: =K36/(L36-M36) -> #DIV/0!
A37: 33 | C37: =IF(ISBLANK(B37),"",VLOOKUP(B37,SÜRELER!$A:$B,2,FALSE)) | E37: =IF(ISBLANK($B37),"0",VLOOKUP($B37,SÜRELER!$A:$C,3,FALSE))*(D37-F37) -> 0 | G37: =VLOOKUP(B37,'R.H.'!A$3:C$3974,3,FALSE)*D37/100 -> #N/A | H37: =F37/D37 -> #DIV/0! | I37: =VLOOKUP(B37,'R.H.'!A$3:C$3974,3,FALSE)/100 -> #N/A | K37: =E37/J37 -> #DIV/0! | N37: =K37/L37 -> #DIV/0! | O37: =K37/(L37-M37) -> #DIV/0!
A38: 34 | C38: =IF(ISBLANK(B38),"",VLOOKUP(B38,SÜRELER!$A:$B,2,FALSE)) | E38: =IF(ISBLANK($B38),"0",VLOOKUP($B38,SÜRELER!$A:$C,3,FALSE))*(D38-F38) -> 0 | G38: =VLOOKUP(B38,'R.H.'!A$3:C$3974,3,FALSE)*D38/100 -> #N/A | H38: =F38/D38 -> #DIV/0! | I38: =VLOOKUP(B38,'R.H.'!A$3:C$3974,3,FALSE)/100 -> #N/A | K38: =E38/J38 -> #DIV/0! | N38: =K38/L38 -> #DIV/0! | O38: =K38/(L38-M38) -> #DIV/0!
A39: 35 | C39: =IF(ISBLANK(B39),"",VLOOKUP(B39,SÜRELER!$A:$B,2,FALSE)) | E39: =IF(ISBLANK($B39),"0",VLOOKUP($B39,SÜRELER!$A:$C,3,FALSE))*(D39-F39) -> 0 | G39: =VLOOKUP(B39,'R.H.'!A$3:C$3974,3,FALSE)*D39/100 -> #N/A | H39: =F39/D39 -> #DIV/0! | I39: =VLOOKUP(B39,'R.H.'!A$3:C$3974,3,FALSE)/100 -> #N/A | K39: =E39/J39 -> #DIV/0! | N39: =K39/L39 -> #DIV/0! | O39: =K39/(L39-M39) -> #DIV/0!
... A44: 40 | C44: =IF(ISBLANK(B44),"",VLOOKUP(B44,SÜRELER!$A:$B,2,FALSE)) | E44: =IF(ISBLANK($B44),"0",VLOOKUP($B44,SÜRELER!$A:$C,3,FALSE))*(D44-F44) -> 0 | G44: =VLOOKUP(B44,'R.H.'!A$3:C$3974,3,FALSE)*D44/100 -> #N/A | H44: =F44/D44 -> #DIV/0! | I44: =VLOOKUP(B44,'R.H.'!A$3:C$3974,3,FALSE)/100 -> #N/A | K44: =E44/J44 -> #DIV/0! | N44: =K44/L44 -> #DIV/0! | O44: =K44/(L44-M44) -> #DIV/0!
D45: =SUM(D5:D44) -> 25475 | E45: =SUM(E5:E44) -> #N/A | F45: =SUM(F5:F44) -> 96 | L45: =SUM(L5:L44) -> 16013 | M45: =SUM(M5:M44) -> 0
D46: % | E46: =F45/D45*100 -> 0.37684004
C49: Eleman Sayısı : | D49: 4
C50: Vardiyadaki Personel Sayısı : | D50: 16
C51: Tplm K. Kapasite : | D51: =(IF(A2="Cuma",D49*470,D49*520))+(D50*430) -> 8960
C52: Dış Bölüm/Görev :
C53: Duruş (Arıza, Mlz.Bekl,Set-up…) :
C54: Eğitim / İdari :
C55: Tedarikçi kaynaklı kayıp :
C56: Deneme :
C57: İş Tekrarı :
C58: Gerçek Kapasite : | D58: =D51-SUM(D52:E57) -> 8960
C59: DURUŞLARIN TOPLAMI | D59: =SUM(D52:D56) -> 0
D62: PLAN | E62: GERÇEKLEŞEN | F62: FİRE | G62: FİRE ORANI | H62: DURUŞ | I62: %
D63: =E63/I63 -> #N/A | E63: =D45 -> 25475 | F63: =F45 -> 96 | G63: =(F63*1000000)/E63 -> 3768.4004 | H63: =D59 -> 0 | I63: =N1 -> #N/A

Sheet 6
A1: ='5'!A1+1 -> 46209 | H1: Genel Verimlilik | N1: =E45/D51 -> #N/A | P1: ANA SAYFA
A2: =TEXT(A1,"gggg") -> Pazartesi
C3: TOPLAM ÜRETİM | D3: =D45 -> 11855
A4: S.No | B4: P. Kod | C4: Ürün Tanımı | D4: Ürt. Adt | E4: Std. Süre Dk | G4: SAP Rjm Fire Adt | H4: Fire % | I4: SAP Std Fire % | K4: Std T.Süresi (Dk) | L4: Gerçekleşen Toplam Süre | M4: Kayıp Zamanlar Toplamı | N4: Ürün Performansı | O4: İşçilik Performansı | P4: Açıklama
A5: 1 | B5: 1320 | C5: =IF(ISBLANK(B5),"",VLOOKUP(B5,SÜRELER!$A:$B,2,FALSE)) -> #N/A | D5: 156 | E5: =IF(ISBLANK($B5),"0",VLOOKUP($B5,SÜRELER!$A:$C,3,FALSE))*(D5-F5) -> #N/A | F5: 0 | G5: =VLOOKUP(B5,'R.H.'!A$3:C$3974,3,FALSE)*D5/100 -> #N/A | H5: =F5/D5 -> 0 | I5: =VLOOKUP(B5,'R.H.'!A$3:C$3974,3,FALSE)/100 -> #N/A | J5: 0.5 | K5: =E5/J5 -> #N/A | L5: 130 | N5: =K5/L5 -> #N/A | O5: =K5/(L5-M5) -> #N/A | P5: 290B GÖVDE VALFGEYT ARZASI
A6: 2 | B6: 1321 | C6: =IF(ISBLANK(B6),"",VLOOKUP(B6,SÜRELER!$A:$B,2,FALSE)) -> #N/A | D6: 156 | E6: =IF(ISBLANK($B6),"0",VLOOKUP($B6,SÜRELER!$A:$C,3,FALSE))*(D6-F6) -> #N/A | F6: 0 | G6: =VLOOKUP(B6,'R.H.'!A$3:C$3974,3,FALSE)*D6/100 -> #N/A | H6: =F6/D6 -> 0 | I6: =VLOOKUP(B6,'R.H.'!A$3:C$3974,3,FALSE)/100 -> #N/A | J6: 0.5 | K6: =E6/J6 -> #N/A | L6: 130 | N6: =K6/L6 -> #N/A | O6: =K6/(L6-M6) -> #N/A
A7: 3 | B7: 1332 | C7: =IF(ISBLANK(B7),"",VLOOKUP(B7,SÜRELER!$A:$B,2,FALSE)) -> #N/A | D7: 137 | E7: =IF(ISBLANK($B7),"0",VLOOKUP($B7,SÜRELER!$A:$C,3,FALSE))*(D7-F7) -> #N/A | F7: 0 | G7: =VLOOKUP(B7,'R.H.'!A$3:C$3974,3,FALSE)*D7/100 -> #N/A | H7: =F7/D7 -> 0 | I7: =VLOOKUP(B7,'R.H.'!A$3:C$3974,3,FALSE)/100 -> #N/A | J7: 0.5 | K7: =E7/J7 -> #N/A | L7: 160 | N7: =K7/L7 -> #N/A | O7: =K7/(L7-M7) -> #N/A | P7: ENGEL 1700 YAG KAÇAGI ARZA GİDERİLDİ
A8: 4 | B8: 1333 | C8: =IF(ISBLANK(B8),"",VLOOKUP(B8,SÜRELER!$A:$B,2,FALSE)) -> #N/A | D8: 137 | E8: =IF(ISBLANK($B8),"0",VLOOKUP($B8,SÜRELER!$A:$C,3,FALSE))*(D8-F8) -> #N/A | F8: 0 | G8: =VLOOKUP(B8,'R.H.'!A$3:C$3974,3,FALSE)*D8/100 -> #N/A | H8: =F8/D8 -> 0 | I8: =VLOOKUP(B8,'R.H.'!A$3:C$3974,3,FALSE)/100 -> #N/A | J8: 0.5 | K8: =E8/J8 -> #N/A | L8: 160 | N8: =K8/L8 -> #N/A | O8: =K8/(L8-M8) -> #N/A
A9: 5 | B9: 1330 | C9: =IF(ISBLANK(B9),"",VLOOKUP(B9,SÜRELER!$A:$B,2,FALSE)) -> #N/A | D9: 165 | E9: =IF(ISBLANK($B9),"0",VLOOKUP($B9,SÜRELER!$A:$C,3,FALSE))*(D9-F9) -> #N/A | F9: 5 | G9: =VLOOKUP(B9,'R.H.'!A$3:C$3974,3,FALSE)*D9/100 -> #N/A | H9: =F9/D9 -> 0.03030303 | I9: =VLOOKUP(B9,'R.H.'!A$3:C$3974,3,FALSE)/100 -> #N/A | J9: 0.5 | K9: =E9/J9 -> #N/A | L9: 90 | N9: =K9/L9 -> #N/A | O9: =K9/(L9-M9) -> #N/A | P9: U3 İÇLENS KALIP SICAK YOLLUK DEMİR GELMESİ ARZA GİDERİLDİ
A10: 6 | B10: 1331 | C10: =IF(ISBLANK(B10),"",VLOOKUP(B10,SÜRELER!$A:$B,2,FALSE)) -> #N/A | D10: 165 | E10: =IF(ISBLANK($B10),"0",VLOOKUP($B10,SÜRELER!$A:$C,3,FALSE))*(D10-F10) -> #N/A | F10: 5 | G10: =VLOOKUP(B10,'R.H.'!A$3:C$3974,3,FALSE)*D10/100 -> #N/A | H10: =F10/D10 -> 0.03030303 | I10: =VLOOKUP(B10,'R.H.'!A$3:C$3974,3,FALSE)/100 -> #N/A | J10: 0.5 | K10: =E10/J10 -> #N/A | L10: 90 | N10: =K10/L10 -> #N/A | O10: =K10/(L10-M10) -> #N/A
A11: 7 | B11: 2079 | C11: =IF(ISBLANK(B11),"",VLOOKUP(B11,SÜRELER!$A:$B,2,FALSE)) -> #N/A | D11: =240+665 -> 905 | E11: =IF(ISBLANK($B11),"0",VLOOKUP($B11,SÜRELER!$A:$C,3,FALSE))*(D11-F11) -> #N/A | G11: =VLOOKUP(B11,'R.H.'!A$3:C$3974,3,FALSE)*D11/100 -> #N/A | H11: =F11/D11 -> 0 | I11: =VLOOKUP(B11,'R.H.'!A$3:C$3974,3,FALSE)/100 -> #N/A | J11: 0.5 | K11: =E11/J11 -> #N/A | L11: 1510 | N11: =K11/L11 -> #N/A | O11: =K11/(L11-M11) -> #N/A
A12: 8 | B12: 118 | C12: =IF(ISBLANK(B12),"",VLOOKUP(B12,SÜRELER!$A:$B,2,FALSE)) -> #N/A | D12: =413+357 -> 770 | E12: =IF(ISBLANK($B12),"0",VLOOKUP($B12,SÜRELER!$A:$C,3,FALSE))*(D12-F12) -> #N/A | F12: 9 | G12: =VLOOKUP(B12,'R.H.'!A$3:C$3974,3,FALSE)*D12/100 -> #N/A | H12: =F12/D12 -> 0.011688312 | I12: =VLOOKUP(B12,'R.H.'!A$3:C$3974,3,FALSE)/100 -> #N/A | J12: 0.5 | K12: =E12/J12 -> #N/A | L12: 770 | N12: =K12/L12 -> #N/A | O12: =K12/(L12-M12) -> #N/A
A13: 9 | B13: 119 | C13: =IF(ISBLANK(B13),"",VLOOKUP(B13,SÜRELER!$A:$B,2,FALSE)) -> #N/A | D13: 770 | E13: =IF(ISBLANK($B13),"0",VLOOKUP($B13,SÜRELER!$A:$C,3,FALSE))*(D13-F13) -> #N/A | F13: 9 | G13: =VLOOKUP(B13,'R.H.'!A$3:C$3974,3,FALSE)*D13/100 -> #N/A | H13: =F13/D13 -> 0.011688312 | I13: =VLOOKUP(B13,'R.H.'!A$3:C$3974,3,FALSE)/100 -> #N/A | J13: 0.5 | K13: =E13/J13 -> #N/A | L13: 770 | N13: =K13/L13 -> #N/A | O13: =K13/(L13-M13) -> #N/A
A14: 10 | B14: 87 | C14: =IF(ISBLANK(B14),"",VLOOKUP(B14,SÜRELER!$A:$B,2,FALSE)) -> #N/A | D14: =239+264 -> 503 | E14: =IF(ISBLANK($B14),"0",VLOOKUP($B14,SÜRELER!$A:$C,3,FALSE))*(D14-F14) -> #N/A | F14: 8 | G14: =VLOOKUP(B14,'R.H.'!A$3:C$3974,3,FALSE)*D14/100 -> #N/A | H14: =F14/D14 -> 0.015904573 | I14: =VLOOKUP(B14,'R.H.'!A$3:C$3974,3,FALSE)/100 -> #N/A | J14: 1 | K14: =E14/J14 -> #N/A | L14: 335 | N14: =K14/L14 -> #N/A | O14: =K14/(L14-M14) -> #N/A
A15: 11 | B15: 88 | C15: =IF(ISBLANK(B15),"",VLOOKUP(B15,SÜRELER!$A:$B,2,FALSE)) -> #N/A | D15: 503 | E15: =IF(ISBLANK($B15),"0",VLOOKUP($B15,SÜRELER!$A:$C,3,FALSE))*(D15-F15) -> #N/A | F15: 8 | G15: =VLOOKUP(B15,'R.H.'!A$3:C$3974,3,FALSE)*D15/100 -> #N/A | H15: =F15/D15 -> 0.015904573 | I15: =VLOOKUP(B15,'R.H.'!A$3:C$3974,3,FALSE)/100 -> #N/A | J15: 1 | K15: =E15/J15 -> #N/A | L15: 335 | N15: =K15/L15 -> #N/A | O15: =K15/(L15-M15) -> #N/A
A16: 12 | B16: 712 | C16: =IF(ISBLANK(B16),"",VLOOKUP(B16,SÜRELER!$A:$B,2,FALSE)) -> #N/A | D16: =248+294 -> 542 | E16: =IF(ISBLANK($B16),"0",VLOOKUP($B16,SÜRELER!$A:$C,3,FALSE))*(D16-F16) -> #N/A | F16: 18 | G16: =VLOOKUP(B16,'R.H.'!A$3:C$3974,3,FALSE)*D16/100 -> #N/A | H16: =F16/D16 -> 0.033210332 | I16: =VLOOKUP(B16,'R.H.'!A$3:C$3974,3,FALSE)/100 -> #N/A | J16: 0.5 | K16: =E16/J16 -> #N/A | L16: 720 | N16: =K16/L16 -> #N/A | O16: =K16/(L16-M16) -> #N/A
A17: 13 | B17: 713 | C17: =IF(ISBLANK(B17),"",VLOOKUP(B17,SÜRELER!$A:$B,2,FALSE)) -> #N/A | D17: 542 | E17: =IF(ISBLANK($B17),"0",VLOOKUP($B17,SÜRELER!$A:$C,3,FALSE))*(D17-F17) -> #N/A | F17: 18 | G17: =VLOOKUP(B17,'R.H.'!A$3:C$3974,3,FALSE)*D17/100 -> #N/A | H17: =F17/D17 -> 0.033210332 | I17: =VLOOKUP(B17,'R.H.'!A$3:C$3974,3,FALSE)/100 -> #N/A | J17: 0.5 | K17: =E17/J17 -> #N/A | L17: 720 | N17: =K17/L17 -> #N/A | O17: =K17/(L17-M17) -> #N/A
A18: 14 | B18: 1334 | C18: =IF(ISBLANK(B18),"",VLOOKUP(B18,SÜRELER!$A:$B,2,FALSE)) -> #N/A | D18: 230 | E18: =IF(ISBLANK($B18),"0",VLOOKUP($B18,SÜRELER!$A:$C,3,FALSE))*(D18-F18) -> #N/A | F18: 0 | G18: =VLOOKUP(B18,'R.H.'!A$3:C$3974,3,FALSE)*D18/100 -> #N/A | H18: =F18/D18 -> 0 | I18: =VLOOKUP(B18,'R.H.'!A$3:C$3974,3,FALSE)/100 -> #N/A | J18: 0.5 | K18: =E18/J18 -> #N/A | L18: 195 | N18: =K18/L18 -> #N/A | O18: =K18/(L18-M18) -> #N/A
A19: 15 | B19: 1335 | C19: =IF(ISBLANK(B19),"",VLOOKUP(B19,SÜRELER!$A:$B,2,FALSE)) -> #N/A | D19: 230 | E19: =IF(ISBLANK($B19),"0",VLOOKUP($B19,SÜRELER!$A:$C,3,FALSE))*(D19-F19) -> #N/A | F19: 0 | G19: =VLOOKUP(B19,'R.H.'!A$3:C$3974,3,FALSE)*D19/100 -> #N/A | H19: =F19/D19 -> 0 | I19: =VLOOKUP(B19,'R.H.'!A$3:C$3974,3,FALSE)/100 -> #N/A | J19: 0.5 | K19: =E19/J19 -> #N/A | L19: 195 | N19: =K19/L19 -> #N/A | O19: =K19/(L19-M19) -> #N/A
A20: 16 | B20: 714 | C20: =IF(ISBLANK(B20),"",VLOOKUP(B20,SÜRELER!$A:$B,2,FALSE)) -> #N/A | D20: =330+246 -> 576 | E20: =IF(ISBLANK($B20),"0",VLOOKUP($B20,SÜRELER!$A:$C,3,FALSE))*(D20-F20) -> #N/A | F20: 6 | G20: =VLOOKUP(B20,'R.H.'!A$3:C$3974,3,FALSE)*D20/100 -> #N/A | H20: =F20/D20 -> 0.010416667 | I20: =VLOOKUP(B20,'R.H.'!A$3:C$3974,3,FALSE)/100 -> #N/A | J20: 0.17 | K20: =E20/J20 -> #N/A | L20: 1680 | N20: =K20/L20 -> #N/A | O20: =K20/(L20-M20) -> #N/A
A21: 17 | B21: 715 | C21: =IF(ISBLANK(B21),"",VLOOKUP(B21,SÜRELER!$A:$B,2,FALSE)) -> #N/A | D21: 576 | E21: =IF(ISBLANK($B21),"0",VLOOKUP($B21,SÜRELER!$A:$C,3,FALSE))*(D21-F21) -> #N/A | F21: 6 | G21: =VLOOKUP(B21,'R.H.'!A$3:C$3974,3,FALSE)*D21/100 -> #N/A | H21: =F21/D21 -> 0.010416667 | I21: =VLOOKUP(B21,'R.H.'!A$3:C$3974,3,FALSE)/100 -> #N/A | J21: 0.17 | K21: =E21/J21 -> #N/A | L21: 1680 | N21: =K21/L21 -> #N/A | O21: =K21/(L21-M21) -> #N/A
A22: 18 | B22: 1112 | C22: =IF(ISBLANK(B22),"",VLOOKUP(B22,SÜRELER!$A:$B,2,FALSE)) -> #N/A | D22: 880 | E22: =IF(ISBLANK($B22),"0",VLOOKUP($B22,SÜRELER!$A:$C,3,FALSE))*(D22-F22) -> #N/A | F22: 0 | G22: =VLOOKUP(B22,'R.H.'!A$3:C$3974,3,FALSE)*D22/100 -> #N/A | H22: =F22/D22 -> 0 | I22: =VLOOKUP(B22,'R.H.'!A$3:C$3974,3,FALSE)/100 -> #N/A | J22: 0.17 | K22: =E22/J22 -> #N/A | L22: 1720 | N22: =K22/L22 -> #N/A | O22: =K22/(L22-M22) -> #N/A
A23: 19 | B23: 742 | C23: =IF(ISBLANK(B23),"",VLOOKUP(B23,SÜRELER!$A:$B,2,FALSE)) -> #N/A | D23: =436+312 -> 748 | E23: =IF(ISBLANK($B23),"0",VLOOKUP($B23,SÜRELER!$A:$C,3,FALSE))*(D23-F23) -> #N/A | F23: 4 | G23: =VLOOKUP(B23,'R.H.'!A$3:C$3974,3,FALSE)*D23/100 -> #N/A | H23: =F23/D23 -> 0.0053475936 | I23: =VLOOKUP(B23,'R.H.'!A$3:C$3974,3,FALSE)/100 -> #N/A | J23: 0.17 | K23: =E23/J23 -> #N/A | L23: 1845 | N23: =K23/L23 -> #N/A | O23: =K23/(L23-M23) -> #N/A
A24: 20 | B24: 743 | C24: =IF(ISBLANK(B24),"",VLOOKUP(B24,SÜRELER!$A:$B,2,FALSE)) -> #N/A | D24: 748 | E24: =IF(ISBLANK($B24),"0",VLOOKUP($B24,SÜRELER!$A:$C,3,FALSE))*(D24-F24) -> #N/A | F24: 4 | G24: =VLOOKUP(B24,'R.H.'!A$3:C$3974,3,FALSE)*D24/100 -> #N/A | H24: =F24/D24 -> 0.0053475936 | I24: =VLOOKUP(B24,'R.H.'!A$3:C$3974,3,FALSE)/100 -> #N/A | J24: 0.5 | K24: =E24/J24 -> #N/A | L24: 635 | N24: =K24/L24 -> #N/A | O24: =K24/(L24-M24) -> #N/A
A25: 21 | B25: 287 | C25: =IF(ISBLANK(B25),"",VLOOKUP(B25,SÜRELER!$A:$B,2,FALSE)) -> #N/A | D25: 804 | E25: =IF(ISBLANK($B25),"0",VLOOKUP($B25,SÜRELER!$A:$C,3,FALSE))*(D25-F25) -> #N/A | F25: 4 | G25: =VLOOKUP(B25,'R.H.'!A$3:C$3974,3,FALSE)*D25/100 -> #N/A | H25: =F25/D25 -> 0.0049751244 | I25: =VLOOKUP(B25,'R.H.'!A$3:C$3974,3,FALSE)/100 -> #N/A | J25: 0.5 | K25: =E25/J25 -> #N/A | L25: 680 | N25: =K25/L25 -> #N/A | O25: =K25/(L25-M25) -> #N/A
A26: 22 | B26: 288 | C26: =IF(ISBLANK(B26),"",VLOOKUP(B26,SÜRELER!$A:$B,2,FALSE)) -> #N/A | D26: 804 | E26: =IF(ISBLANK($B26),"0",VLOOKUP($B26,SÜRELER!$A:$C,3,FALSE))*(D26-F26) -> #N/A | F26: 4 | G26: =VLOOKUP(B26,'R.H.'!A$3:C$3974,3,FALSE)*D26/100 -> #N/A | H26: =F26/D26 -> 0.0049751244 | I26: =VLOOKUP(B26,'R.H.'!A$3:C$3974,3,FALSE)/100 -> #N/A | J26: 0.5 | K26: =E26/J26 -> #N/A | L26: 680 | N26: =K26/L26 -> #N/A | O26: =K26/(L26-M26) -> #N/A
A27: 23 | B27: 9110 | C27: =IF(ISBLANK(B27),"",VLOOKUP(B27,SÜRELER!$A:$B,2,FALSE)) -> #N/A | D27: 404 | E27: =IF(ISBLANK($B27),"0",VLOOKUP($B27,SÜRELER!$A:$C,3,FALSE))*(D27-F27) -> #N/A | F27: 12 | G27: =VLOOKUP(B27,'R.H.'!A$3:C$3974,3,FALSE)*D27/100 -> #N/A | H27: =F27/D27 -> 0.02970297 | I27: =VLOOKUP(B27,'R.H.'!A$3:C$3974,3,FALSE)/100 -> #N/A | J27: 0.5 | K27: =E27/J27 -> #N/A | L27: 320 | N27: =K27/L27 -> #N/A | O27: =K27/(L27-M27) -> #N/A
A28: 24 | B28: 9120 | C28: =IF(ISBLANK(B28),"",VLOOKUP(B28,SÜRELER!$A:$B,2,FALSE)) -> #N/A | D28: 404 | E28: =IF(ISBLANK($B28),"0",VLOOKUP($B28,SÜRELER!$A:$C,3,FALSE))*(D28-F28) -> #N/A | F28: 0 | G28: =VLOOKUP(B28,'R.H.'!A$3:C$3974,3,FALSE)*D28/100 -> #N/A | H28: =F28/D28 -> 0 | I28: =VLOOKUP(B28,'R.H.'!A$3:C$3974,3,FALSE)/100 -> #N/A | J28: 1 | K28: =E28/J28 -> #N/A | L28: 165 | N28: =K28/L28 -> #N/A | O28: =K28/(L28-M28) -> #N/A
A29: 25 | C29: =IF(ISBLANK(B29),"",VLOOKUP(B29,SÜRELER!$A:$B,2,FALSE)) | E29: =IF(ISBLANK($B29),"0",VLOOKUP($B29,SÜRELER!$A:$C,3,FALSE))*(D29-F29) -> 0 | G29: =VLOOKUP(B29,'R.H.'!A$3:C$3974,3,FALSE)*D29/100 -> #N/A | H29: =F29/D29 -> #DIV/0! | I29: =VLOOKUP(B29,'R.H.'!A$3:C$3974,3,FALSE)/100 -> #N/A | K29: =E29/J29 -> #DIV/0! | N29: =K29/L29 -> #DIV/0! | O29: =K29/(L29-M29) -> #DIV/0!
A30: 26 | C30: =IF(ISBLANK(B30),"",VLOOKUP(B30,SÜRELER!$A:$B,2,FALSE)) | E30: =IF(ISBLANK($B30),"0",VLOOKUP($B30,SÜRELER!$A:$C,3,FALSE))*(D30-F30) -> 0 | G30: =VLOOKUP(B30,'R.H.'!A$3:C$3974,3,FALSE)*D30/100 -> #N/A | H30: =F30/D30 -> #DIV/0! | I30: =VLOOKUP(B30,'R.H.'!A$3:C$3974,3,FALSE)/100 -> #N/A | K30: =E30/J30 -> #DIV/0! | N30: =K30/L30 -> #DIV/0! | O30: =K30/(L30-M30) -> #DIV/0!
A31: 27 | C31: =IF(ISBLANK(B31),"",VLOOKUP(B31,SÜRELER!$A:$B,2,FALSE)) | E31: =IF(ISBLANK($B31),"0",VLOOKUP($B31,SÜRELER!$A:$C,3,FALSE))*(D31-F31) -> 0 | G31: =VLOOKUP(B31,'R.H.'!A$3:C$3974,3,FALSE)*D31/100 -> #N/A | H31: =F31/D31 -> #DIV/0! | I31: =VLOOKUP(B31,'R.H.'!A$3:C$3974,3,FALSE)/100 -> #N/A | K31: =E31/J31 -> #DIV/0! | N31: =K31/L31 -> #DIV/0! | O31: =K31/(L31-M31) -> #DIV/0!
A32: 28 | C32: =IF(ISBLANK(B32),"",VLOOKUP(B32,SÜRELER!$A:$B,2,FALSE)) | E32: =IF(ISBLANK($B32),"0",VLOOKUP($B32,SÜRELER!$A:$C,3,FALSE))*(D32-F32) -> 0 | G32: =VLOOKUP(B32,'R.H.'!A$3:C$3974,3,FALSE)*D32/100 -> #N/A | H32: =F32/D32 -> #DIV/0! | I32: =VLOOKUP(B32,'R.H.'!A$3:C$3974,3,FALSE)/100 -> #N/A | K32: =E32/J32 -> #DIV/0! | N32: =K32/L32 -> #DIV/0! | O32: =K32/(L32-M32) -> #DIV/0!
A33: 29 | C33: =IF(ISBLANK(B33),"",VLOOKUP(B33,SÜRELER!$A:$B,2,FALSE)) | E33: =IF(ISBLANK($B33),"0",VLOOKUP($B33,SÜRELER!$A:$C,3,FALSE))*(D33-F33) -> 0 | G33: =VLOOKUP(B33,'R.H.'!A$3:C$3974,3,FALSE)*D33/100 -> #N/A | H33: =F33/D33 -> #DIV/0! | I33: =VLOOKUP(B33,'R.H.'!A$3:C$3974,3,FALSE)/100 -> #N/A | K33: =E33/J33 -> #DIV/0! | N33: =K33/L33 -> #DIV/0! | O33: =K33/(L33-M33) -> #DIV/0!
A34: 30 | C34: =IF(ISBLANK(B34),"",VLOOKUP(B34,SÜRELER!$A:$B,2,FALSE)) | E34: =IF(ISBLANK($B34),"0",VLOOKUP($B34,SÜRELER!$A:$C,3,FALSE))*(D34-F34) -> 0 | G34: =VLOOKUP(B34,'R.H.'!A$3:C$3974,3,FALSE)*D34/100 -> #N/A | H34: =F34/D34 -> #DIV/0! | I34: =VLOOKUP(B34,'R.H.'!A$3:C$3974,3,FALSE)/100 -> #N/A | K34: =E34/J34 -> #DIV/0! | N34: =K34/L34 -> #DIV/0! | O34: =K34/(L34-M34) -> #DIV/0!
A35: 31 | C35: =IF(ISBLANK(B35),"",VLOOKUP(B35,SÜRELER!$A:$B,2,FALSE)) | E35: =IF(ISBLANK($B35),"0",VLOOKUP($B35,SÜRELER!$A:$C,3,FALSE))*(D35-F35) -> 0 | G35: =VLOOKUP(B35,'R.H.'!A$3:C$3974,3,FALSE)*D35/100 -> #N/A | H35: =F35/D35 -> #DIV/0! | I35: =VLOOKUP(B35,'R.H.'!A$3:C$3974,3,FALSE)/100 -> #N/A | K35: =E35/J35 -> #DIV/0! | N35: =K35/L35 -> #DIV/0! | O35: =K35/(L35-M35) -> #DIV/0!
A36: 32 | C36: =IF(ISBLANK(B36),"",VLOOKUP(B36,SÜRELER!$A:$B,2,FALSE)) | E36: =IF(ISBLANK($B36),"0",VLOOKUP($B36,SÜRELER!$A:$C,3,FALSE))*(D36-F36) -> 0 | G36: =VLOOKUP(B36,'R.H.'!A$3:C$3974,3,FALSE)*D36/100 -> #N/A | H36: =F36/D36 -> #DIV/0! | I36: =VLOOKUP(B36,'R.H.'!A$3:C$3974,3,FALSE)/100 -> #N/A | K36: =E36/J36 -> #DIV/0! | N36: =K36/L36 -> #DIV/0! | O36: =K36/(L36-M36) -> #DIV/0!
A37: 33 | C37: =IF(ISBLANK(B37),"",VLOOKUP(B37,SÜRELER!$A:$B,2,FALSE)) | E37: =IF(ISBLANK($B37),"0",VLOOKUP($B37,SÜRELER!$A:$C,3,FALSE))*(D37-F37) -> 0 | G37: =VLOOKUP(B37,'R.H.'!A$3:C$3974,3,FALSE)*D37/100 -> #N/A | H37: =F37/D37 -> #DIV/0! | I37: =VLOOKUP(B37,'R.H.'!A$3:C$3974,3,FALSE)/100 -> #N/A | K37: =E37/J37 -> #DIV/0! | N37: =K37/L37 -> #DIV/0! | O37: =K37/(L37-M37) -> #DIV/0!
A38: 34 | C38: =IF(ISBLANK(B38),"",VLOOKUP(B38,SÜRELER!$A:$B,2,FALSE)) | E38: =IF(ISBLANK($B38),"0",VLOOKUP($B38,SÜRELER!$A:$C,3,FALSE))*(D38-F38) -> 0 | G38: =VLOOKUP(B38,'R.H.'!A$3:C$3974,3,FALSE)*D38/100 -> #N/A | H38: =F38/D38 -> #DIV/0! | I38: =VLOOKUP(B38,'R.H.'!A$3:C$3974,3,FALSE)/100 -> #N/A | K38: =E38/J38 -> #DIV/0! | N38: =K38/L38 -> #DIV/0! | O38: =K38/(L38-M38) -> #DIV/0!
A39: 35 | C39: =IF(ISBLANK(B39),"",VLOOKUP(B39,SÜRELER!$A:$B,2,FALSE)) | E39: =IF(ISBLANK($B39),"0",VLOOKUP($B39,SÜRELER!$A:$C,3,FALSE))*(D39-F39) -> 0 | G39: =VLOOKUP(B39,'R.H.'!A$3:C$3974,3,FALSE)*D39/100 -> #N/A | H39: =F39/D39 -> #DIV/0! | I39: =VLOOKUP(B39,'R.H.'!A$3:C$3974,3,FALSE)/100 -> #N/A | K39: =E39/J39 -> #DIV/0! | N39: =K39/L39 -> #DIV/0! | O39: =K39/(L39-M39) -> #DIV/0!
A40: 36 | C40: =IF(ISBLANK(B40),"",VLOOKUP(B40,SÜRELER!$A:$B,2,FALSE)) | E40: =IF(ISBLANK($B40),"0",VLOOKUP($B40,SÜRELER!$A:$C,3,FALSE))*(D40-F40) -> 0 | G40: =VLOOKUP(B40,'R.H.'!A$3:C$3974,3,FALSE)*D40/100 -> #N/A | H40: =F40/D40 -> #DIV/0! | I40: =VLOOKUP(B40,'R.H.'!A$3:C$3974,3,FALSE)/100 -> #N/A | K40: =E40/J40 -> #DIV/0! | N40: =K40/L40 -> #DIV/0! | O40: =K40/(L40-M40) -> #DIV/0!
... A44: 40 | C44: =IF(ISBLANK(B44),"",VLOOKUP(B44,SÜRELER!$A:$B,2,FALSE)) | E44: =IF(ISBLANK($B44),"0",VLOOKUP($B44,SÜRELER!$A:$C,3,FALSE))*(D44-F44) -> 0 | G44: =VLOOKUP(B44,'R.H.'!A$3:C$3974,3,FALSE)*D44/100 -> #N/A | H44: =F44/D44 -> #DIV/0! | I44: =VLOOKUP(B44,'R.H.'!A$3:C$3974,3,FALSE)/100 -> #N/A | K44: =E44/J44 -> #DIV/0! | N44: =K44/L44 -> #DIV/0! | O44: =K44/(L44-M44) -> #DIV/0!
D45: =SUM(D5:D44) -> 11855 | E45: =SUM(E5:E44) -> #N/A | F45: =SUM(F5:F44) -> 120 | L45: =SUM(L5:L44) -> 15715 | M45: =SUM(M5:M44) -> 0
D46: % | E46: =F45/D45*100 -> 1.0122311
C49: Eleman Sayısı : | D49: 4
C50: Vardiyadaki Personel Sayısı : | D50: 10
C51: Tplm K. Kapasite : | D51: =(IF(A2="Cuma",D49*470,D49*520))+(D50*430) -> 6380
C52: Dış Bölüm/Görev :
C53: Duruş (Arıza, Mlz.Bekl,Set-up…) : | D53: 150
C54: Eğitim / İdari :
C55: Tedarikçi kaynaklı kayıp :
C56: Deneme :
C57: İş Tekrarı :
C58: Gerçek Kapasite : | D58: =D51-SUM(D52:E57) -> 6230
C59: DURUŞLARIN TOPLAMI | D59: =SUM(D52:D56) -> 150
D62: PLAN | E62: GERÇEKLEŞEN | F62: FİRE | G62: FİRE ORANI | H62: DURUŞ | I62: %
D63: =E63/I63 -> #N/A | E63: =D45 -> 11855 | F63: =F45 -> 120 | G63: =(F63*1000000)/E63 -> 10122.311 | H63: =D59 -> 150 | I63: =N1 -> #N/A

Sheet 7
A1: ='6'!A1+1 -> 46210 | H1: Genel Verimlilik | N1: =E45/D51 -> #N/A | P1: ANA SAYFA
A2: =TEXT(A1,"gggg") -> Salı
C3: TOPLAM ÜRETİM | D3: =D45 -> 20262
A4: S.No | B4: P. Kod | C4: Ürün Tanımı | D4: Ürt. Adt | E4: Std. Süre Dk | G4: SAP Rjm Fire Adt | H4: Fire % | I4: SAP Std Fire % | K4: Std T.Süresi (Dk) | L4: Gerçekleşen Toplam Süre | M4: Kayıp Zamanlar Toplamı | N4: Ürün Performansı | O4: İşçilik Performansı | P4: Açıklama
A5: 1 | B5: 714 | C5: =IF(ISBLANK(B5),"",VLOOKUP(B5,SÜRELER!$A:$B,2,FALSE)) -> #N/A | D5: =616+486 -> 1102 | E5: =IF(ISBLANK($B5),"0",VLOOKUP($B5,SÜRELER!$A:$C,3,FALSE))*(D5-F5) -> #N/A | F5: 14 | G5: =VLOOKUP(B5,'R.H.'!A$3:C$3974,3,FALSE)*D5/100 -> #N/A | H5: =F5/D5 -> 0.012704174 | I5: =VLOOKUP(B5,'R.H.'!A$3:C$3974,3,FALSE)/100 -> #N/A | J5: 0.5 | K5: =E5/J5 -> #N/A | L5: 1090 | N5: =K5/L5 -> #N/A | O5: =K5/(L5-M5) -> #N/A
A6: 2 | B6: 715 | C6: =IF(ISBLANK(B6),"",VLOOKUP(B6,SÜRELER!$A:$B,2,FALSE)) -> #N/A | D6: 1102 | E6: =IF(ISBLANK($B6),"0",VLOOKUP($B6,SÜRELER!$A:$C,3,FALSE))*(D6-F6) -> #N/A | F6: 14 | G6: =VLOOKUP(B6,'R.H.'!A$3:C$3974,3,FALSE)*D6/100 -> #N/A | H6: =F6/D6 -> 0.012704174 | I6: =VLOOKUP(B6,'R.H.'!A$3:C$3974,3,FALSE)/100 -> #N/A | J6: 0.5 | K6: =E6/J6 -> #N/A | L6: 1090 | N6: =K6/L6 -> #N/A | O6: =K6/(L6-M6) -> #N/A
A7: 3 | B7: 120 | C7: =IF(ISBLANK(B7),"",VLOOKUP(B7,SÜRELER!$A:$B,2,FALSE)) -> #N/A | D7: =34+236 -> 270 | E7: =IF(ISBLANK($B7),"0",VLOOKUP($B7,SÜRELER!$A:$C,3,FALSE))*(D7-F7) -> #N/A | F7: 4 | G7: =VLOOKUP(B7,'R.H.'!A$3:C$3974,3,FALSE)*D7/100 -> #N/A | H7: =F7/D7 -> 0.014814815 | I7: =VLOOKUP(B7,'R.H.'!A$3:C$3974,3,FALSE)/100 -> #N/A | J7: 0.5 | K7: =E7/J7 -> #N/A | L7: 325 | N7: =K7/L7 -> #N/A | O7: =K7/(L7-M7) -> #N/A
A8: 4 | B8: 121 | C8: =IF(ISBLANK(B8),"",VLOOKUP(B8,SÜRELER!$A:$B,2,FALSE)) -> #N/A | D8: 270 | E8: =IF(ISBLANK($B8),"0",VLOOKUP($B8,SÜRELER!$A:$C,3,FALSE))*(D8-F8) -> #N/A | F8: 4 | G8: =VLOOKUP(B8,'R.H.'!A$3:C$3974,3,FALSE)*D8/100 -> #N/A | H8: =F8/D8 -> 0.014814815 | I8: =VLOOKUP(B8,'R.H.'!A$3:C$3974,3,FALSE)/100 -> #N/A | J8: 0.5 | K8: =E8/J8 -> #N/A | L8: 325 | N8: =K8/L8 -> #N/A | O8: =K8/(L8-M8) -> #N/A
A9: 5 | B9: 1463 | C9: =IF(ISBLANK(B9),"",VLOOKUP(B9,SÜRELER!$A:$B,2,FALSE)) -> #N/A | D9: =346+238 -> 584 | E9: =IF(ISBLANK($B9),"0",VLOOKUP($B9,SÜRELER!$A:$C,3,FALSE))*(D9-F9) -> #N/A | F9: 9 | G9: =VLOOKUP(B9,'R.H.'!A$3:C$3974,3,FALSE)*D9/100 -> #N/A | H9: =F9/D9 -> 0.015410959 | I9: =VLOOKUP(B9,'R.H.'!A$3:C$3974,3,FALSE)/100 -> #N/A | J9: 0.5 | K9: =E9/J9 -> #N/A | L9: 880 | N9: =K9/L9 -> #N/A | O9: =K9/(L9-M9) -> #N/A
A10: 6 | B10: 1464 | C10: =IF(ISBLANK(B10),"",VLOOKUP(B10,SÜRELER!$A:$B,2,FALSE)) -> #N/A | D10: 584 | E10: =IF(ISBLANK($B10),"0",VLOOKUP($B10,SÜRELER!$A:$C,3,FALSE))*(D10-F10) -> #N/A | F10: 9 | G10: =VLOOKUP(B10,'R.H.'!A$3:C$3974,3,FALSE)*D10/100 -> #N/A | H10: =F10/D10 -> 0.015410959 | I10: =VLOOKUP(B10,'R.H.'!A$3:C$3974,3,FALSE)/100 -> #N/A | J10: 0.5 | K10: =E10/J10 -> #N/A | L10: 880 | N10: =K10/L10 -> #N/A | O10: =K10/(L10-M10) -> #N/A
A11: 7 | B11: 311 | C11: =IF(ISBLANK(B11),"",VLOOKUP(B11,SÜRELER!$A:$B,2,FALSE)) -> #N/A | D11: =250+500 -> 750 | E11: =IF(ISBLANK($B11),"0",VLOOKUP($B11,SÜRELER!$A:$C,3,FALSE))*(D11-F11) -> #N/A | F11: 0 | G11: =VLOOKUP(B11,'R.H.'!A$3:C$3974,3,FALSE)*D11/100 -> #N/A | H11: =F11/D11 -> 0 | I11: =VLOOKUP(B11,'R.H.'!A$3:C$3974,3,FALSE)/100 -> #N/A | J11: 1 | K11: =E11/J11 -> #N/A | L11: 525 | N11: =K11/L11 -> #N/A | O11: =K11/(L11-M11) -> #N/A
A12: 8 | B12: 2070 | C12: =IF(ISBLANK(B12),"",VLOOKUP(B12,SÜRELER!$A:$B,2,FALSE)) -> #N/A | D12: =665+476 -> 1141 | E12: =IF(ISBLANK($B12),"0",VLOOKUP($B12,SÜRELER!$A:$C,3,FALSE))*(D12-F12) -> #N/A | F12: 2 | G12: =VLOOKUP(B12,'R.H.'!A$3:C$3974,3,FALSE)*D12/100 -> #N/A | H12: =F12/D12 -> 0.0017528484 | I12: =VLOOKUP(B12,'R.H.'!A$3:C$3974,3,FALSE)/100 -> #N/A | J12: 1 | K12: =E12/J12 -> #N/A | L12: 525 | N12: =K12/L12 -> #N/A | O12: =K12/(L12-M12) -> #N/A
A13: 9 | B13: 2071 | C13: =IF(ISBLANK(B13),"",VLOOKUP(B13,SÜRELER!$A:$B,2,FALSE)) -> #N/A | D13: 1141 | E13: =IF(ISBLANK($B13),"0",VLOOKUP($B13,SÜRELER!$A:$C,3,FALSE))*(D13-F13) -> #N/A | F13: 2 | G13: =VLOOKUP(B13,'R.H.'!A$3:C$3974,3,FALSE)*D13/100 -> #N/A | H13: =F13/D13 -> 0.0017528484 | I13: =VLOOKUP(B13,'R.H.'!A$3:C$3974,3,FALSE)/100 -> #N/A | J13: 1 | K13: =E13/J13 -> #N/A | L13: 525 | N13: =K13/L13 -> #N/A | O13: =K13/(L13-M13) -> #N/A
A14: 10 | B14: 1112 | C14: =IF(ISBLANK(B14),"",VLOOKUP(B14,SÜRELER!$A:$B,2,FALSE)) -> #N/A | D14: =808+2500 -> 3308 | E14: =IF(ISBLANK($B14),"0",VLOOKUP($B14,SÜRELER!$A:$C,3,FALSE))*(D14-F14) -> #N/A | F14: 0 | G14: =VLOOKUP(B14,'R.H.'!A$3:C$3974,3,FALSE)*D14/100 -> #N/A | H14: =F14/D14 -> 0 | I14: =VLOOKUP(B14,'R.H.'!A$3:C$3974,3,FALSE)/100 -> #N/A | J14: 0.5 | K14: =E14/J14 -> #N/A | L14: 2195 | N14: =K14/L14 -> #N/A | O14: =K14/(L14-M14) -> #N/A
A15: 11 | B15: 1330 | C15: =IF(ISBLANK(B15),"",VLOOKUP(B15,SÜRELER!$A:$B,2,FALSE)) -> #N/A | D15: =880+804 -> 1684 | E15: =IF(ISBLANK($B15),"0",VLOOKUP($B15,SÜRELER!$A:$C,3,FALSE))*(D15-F15) -> #N/A | F15: 4 | G15: =VLOOKUP(B15,'R.H.'!A$3:C$3974,3,FALSE)*D15/100 -> #N/A | H15: =F15/D15 -> 0.0023752969 | I15: =VLOOKUP(B15,'R.H.'!A$3:C$3974,3,FALSE)/100 -> #N/A | J15: 0.5 | K15: =E15/J15 -> #N/A | L15: 710 | N15: =K15/L15 -> #N/A | O15: =K15/(L15-M15) -> #N/A
A16: 12 | B16: 1331 | C16: =IF(ISBLANK(B16),"",VLOOKUP(B16,SÜRELER!$A:$B,2,FALSE)) -> #N/A | D16: 1684 | E16: =IF(ISBLANK($B16),"0",VLOOKUP($B16,SÜRELER!$A:$C,3,FALSE))*(D16-F16) -> #N/A | F16: 4 | G16: =VLOOKUP(B16,'R.H.'!A$3:C$3974,3,FALSE)*D16/100 -> #N/A | H16: =F16/D16 -> 0.0023752969 | I16: =VLOOKUP(B16,'R.H.'!A$3:C$3974,3,FALSE)/100 -> #N/A | J16: 0.5 | K16: =E16/J16 -> #N/A | L16: 710 | N16: =K16/L16 -> #N/A | O16: =K16/(L16-M16) -> #N/A
A17: 13 | B17: 91 | C17: =IF(ISBLANK(B17),"",VLOOKUP(B17,SÜRELER!$A:$B,2,FALSE)) -> #N/A | D17: 325 | E17: =IF(ISBLANK($B17),"0",VLOOKUP($B17,SÜRELER!$A:$C,3,FALSE))*(D17-F17) -> #N/A | F17: 10 | G17: =VLOOKUP(B17,'R.H.'!A$3:C$3974,3,FALSE)*D17/100 -> #N/A | H17: =F17/D17 -> 0.030769231 | I17: =VLOOKUP(B17,'R.H.'!A$3:C$3974,3,FALSE)/100 -> #N/A | J17: 0.5 | K17: =E17/J17 -> #N/A | L17: 350 | N17: =K17/L17 -> #N/A | O17: =K17/(L17-M17) -> #N/A
A18: 14 | B18: 92 | C18: =IF(ISBLANK(B18),"",VLOOKUP(B18,SÜRELER!$A:$B,2,FALSE)) -> #N/A | D18: 325 | E18: =IF(ISBLANK($B18),"0",VLOOKUP($B18,SÜRELER!$A:$C,3,FALSE))*(D18-F18) -> #N/A | F18: 8 | G18: =VLOOKUP(B18,'R.H.'!A$3:C$3974,3,FALSE)*D18/100 -> #N/A | H18: =F18/D18 -> 0.024615385 | I18: =VLOOKUP(B18,'R.H.'!A$3:C$3974,3,FALSE)/100 -> #N/A | J18: 0.5 | K18: =E18/J18 -> #N/A | L18: 350 | N18: =K18/L18 -> #N/A | O18: =K18/(L18-M18) -> #N/A
A19: 15 | B19: 1332 | C19: =IF(ISBLANK(B19),"",VLOOKUP(B19,SÜRELER!$A:$B,2,FALSE)) -> #N/A | D19: =60+291 -> 351 | E19: =IF(ISBLANK($B19),"0",VLOOKUP($B19,SÜRELER!$A:$C,3,FALSE))*(D19-F19) -> #N/A | F19: 8 | G19: =VLOOKUP(B19,'R.H.'!A$3:C$3974,3,FALSE)*D19/100 -> #N/A | H19: =F19/D19 -> 0.022792023 | I19: =VLOOKUP(B19,'R.H.'!A$3:C$3974,3,FALSE)/100 -> #N/A | J19: 0.5 | K19: =E19/J19 -> #N/A | L19: 370 | N19: =K19/L19 -> #N/A | O19: =K19/(L19-M19) -> #N/A
A20: 16 | B20: 1333 | C20: =IF(ISBLANK(B20),"",VLOOKUP(B20,SÜRELER!$A:$B,2,FALSE)) -> #N/A | D20: 351 | E20: =IF(ISBLANK($B20),"0",VLOOKUP($B20,SÜRELER!$A:$C,3,FALSE))*(D20-F20) -> #N/A | F20: 8 | G20: =VLOOKUP(B20,'R.H.'!A$3:C$3974,3,FALSE)*D20/100 -> #N/A | H20: =F20/D20 -> 0.022792023 | I20: =VLOOKUP(B20,'R.H.'!A$3:C$3974,3,FALSE)/100 -> #N/A | J20: 0.5 | K20: =E20/J20 -> #N/A | L20: 370 | N20: =K20/L20 -> #N/A | O20: =K20/(L20-M20) -> #N/A
A21: 17 | B21: 889 | C21: =IF(ISBLANK(B21),"",VLOOKUP(B21,SÜRELER!$A:$B,2,FALSE)) -> #N/A | D21: 210 | E21: =IF(ISBLANK($B21),"0",VLOOKUP($B21,SÜRELER!$A:$C,3,FALSE))*(D21-F21) -> #N/A | F21: 10 | G21: =VLOOKUP(B21,'R.H.'!A$3:C$3974,3,FALSE)*D21/100 -> #N/A | H21: =F21/D21 -> 0.047619048 | I21: =VLOOKUP(B21,'R.H.'!A$3:C$3974,3,FALSE)/100 -> #N/A | J21: 0.5 | K21: =E21/J21 -> #N/A | L21: 175 | N21: =K21/L21 -> #N/A | O21: =K21/(L21-M21) -> #N/A
A22: 18 | B22: 1334 | C22: =IF(ISBLANK(B22),"",VLOOKUP(B22,SÜRELER!$A:$B,2,FALSE)) -> #N/A | D22: =86+572 -> 658 | E22: =IF(ISBLANK($B22),"0",VLOOKUP($B22,SÜRELER!$A:$C,3,FALSE))*(D22-F22) -> #N/A | F22: 2 | G22: =VLOOKUP(B22,'R.H.'!A$3:C$3974,3,FALSE)*D22/100 -> #N/A | H22: =F22/D22 -> 0.0030395137 | I22: =VLOOKUP(B22,'R.H.'!A$3:C$3974,3,FALSE)/100 -> #N/A | J22: 1 | K22: =E22/J22 -> #N/A | L22: 276 | N22: =K22/L22 -> #N/A | O22: =K22/(L22-M22) -> #N/A
A23: 19 | B23: 1335 | C23: =IF(ISBLANK(B23),"",VLOOKUP(B23,SÜRELER!$A:$B,2,FALSE)) -> #N/A | D23: 658 | E23: =IF(ISBLANK($B23),"0",VLOOKUP($B23,SÜRELER!$A:$C,3,FALSE))*(D23-F23) -> #N/A | F23: 2 | G23: =VLOOKUP(B23,'R.H.'!A$3:C$3974,3,FALSE)*D23/100 -> #N/A | H23: =F23/D23 -> 0.0030395137 | I23: =VLOOKUP(B23,'R.H.'!A$3:C$3974,3,FALSE)/100 -> #N/A | J23: 1 | K23: =E23/J23 -> #N/A | L23: 275 | N23: =K23/L23 -> #N/A | O23: =K23/(L23-M23) -> #N/A
A24: 20 | B24: 118 | C24: =IF(ISBLANK(B24),"",VLOOKUP(B24,SÜRELER!$A:$B,2,FALSE)) -> #N/A | D24: 254 | E24: =IF(ISBLANK($B24),"0",VLOOKUP($B24,SÜRELER!$A:$C,3,FALSE))*(D24-F24) -> #N/A | F24: 6 | G24: =VLOOKUP(B24,'R.H.'!A$3:C$3974,3,FALSE)*D24/100 -> #N/A | H24: =F24/D24 -> 0.023622047 | I24: =VLOOKUP(B24,'R.H.'!A$3:C$3974,3,FALSE)/100 -> #N/A | J24: 0.5 | K24: =E24/J24 -> #N/A | L24: 255 | N24: =K24/L24 -> #N/A | O24: =K24/(L24-M24) -> #N/A
A25: 21 | B25: 119 | C25: =IF(ISBLANK(B25),"",VLOOKUP(B25,SÜRELER!$A:$B,2,FALSE)) -> #N/A | D25: 254 | E25: =IF(ISBLANK($B25),"0",VLOOKUP($B25,SÜRELER!$A:$C,3,FALSE))*(D25-F25) -> #N/A | F25: 6 | G25: =VLOOKUP(B25,'R.H.'!A$3:C$3974,3,FALSE)*D25/100 -> #N/A | H25: =F25/D25 -> 0.023622047 | I25: =VLOOKUP(B25,'R.H.'!A$3:C$3974,3,FALSE)/100 -> #N/A | J25: 0.5 | K25: =E25/J25 -> #N/A | L25: 255 | N25: =K25/L25 -> #N/A | O25: =K25/(L25-M25) -> #N/A
A26: 22 | B26: 2079 | C26: =IF(ISBLANK(B26),"",VLOOKUP(B26,SÜRELER!$A:$B,2,FALSE)) -> #N/A | D26: 1264 | E26: =IF(ISBLANK($B26),"0",VLOOKUP($B26,SÜRELER!$A:$C,3,FALSE))*(D26-F26) -> #N/A | F26: 4 | G26: =VLOOKUP(B26,'R.H.'!A$3:C$3974,3,FALSE)*D26/100 -> #N/A | H26: =F26/D26 -> 0.003164557 | I26: =VLOOKUP(B26,'R.H.'!A$3:C$3974,3,FALSE)/100 -> #N/A | J26: 1 | K26: =E26/J26 -> #N/A | L26: 1050 | N26: =K26/L26 -> #N/A | O26: =K26/(L26-M26) -> #N/A
A27: 23 | B27: 742 | C27: =IF(ISBLANK(B27),"",VLOOKUP(B27,SÜRELER!$A:$B,2,FALSE)) -> #N/A | D27: 138 | E27: =IF(ISBLANK($B27),"0",VLOOKUP($B27,SÜRELER!$A:$C,3,FALSE))*(D27-F27) -> #N/A | F27: 4 | G27: =VLOOKUP(B27,'R.H.'!A$3:C$3974,3,FALSE)*D27/100 -> #N/A | H27: =F27/D27 -> 0.028985507 | I27: =VLOOKUP(B27,'R.H.'!A$3:C$3974,3,FALSE)/100 -> #N/A | J27: 0.5 | K27: =E27/J27 -> #N/A | L27: 116 | N27: =K27/L27 -> #N/A | O27: =K27/(L27-M27) -> #N/A
A28: 24 | B28: 743 | C28: =IF(ISBLANK(B28),"",VLOOKUP(B28,SÜRELER!$A:$B,2,FALSE)) -> #N/A | D28: 138 | E28: =IF(ISBLANK($B28),"0",VLOOKUP($B28,SÜRELER!$A:$C,3,FALSE))*(D28-F28) -> #N/A | F28: 4 | G28: =VLOOKUP(B28,'R.H.'!A$3:C$3974,3,FALSE)*D28/100 -> #N/A | H28: =F28/D28 -> 0.028985507 | I28: =VLOOKUP(B28,'R.H.'!A$3:C$3974,3,FALSE)/100 -> #N/A | J28: 0.5 | K28: =E28/J28 -> #N/A | L28: 116 | N28: =K28/L28 -> #N/A | O28: =K28/(L28-M28) -> #N/A
A29: 25 | B29: 1491 | C29: =IF(ISBLANK(B29),"",VLOOKUP(B29,SÜRELER!$A:$B,2,FALSE)) -> #N/A | D29: 722 | E29: =IF(ISBLANK($B29),"0",VLOOKUP($B29,SÜRELER!$A:$C,3,FALSE))*(D29-F29) -> #N/A | F29: 2 | G29: =VLOOKUP(B29,'R.H.'!A$3:C$3974,3,FALSE)*D29/100 -> #N/A | H29: =F29/D29 -> 0.0027700831 | I29: =VLOOKUP(B29,'R.H.'!A$3:C$3974,3,FALSE)/100 -> #N/A | J29: 0.5 | K29: =E29/J29 -> #N/A | L29: 610 | N29: =K29/L29 -> #N/A | O29: =K29/(L29-M29) -> #N/A
A30: 26 | B30: 1492 | C30: =IF(ISBLANK(B30),"",VLOOKUP(B30,SÜRELER!$A:$B,2,FALSE)) -> #N/A | D30: 722 | E30: =IF(ISBLANK($B30),"0",VLOOKUP($B30,SÜRELER!$A:$C,3,FALSE))*(D30-F30) -> #N/A | F30: 2 | G30: =VLOOKUP(B30,'R.H.'!A$3:C$3974,3,FALSE)*D30/100 -> #N/A | H30: =F30/D30 -> 0.0027700831 | I30: =VLOOKUP(B30,'R.H.'!A$3:C$3974,3,FALSE)/100 -> #N/A | J30: 0.5 | K30: =E30/J30 -> #N/A | L30: 610 | N30: =K30/L30 -> #N/A | O30: =K30/(L30-M30) -> #N/A
A31: 27 | B31: 2027 | C31: =IF(ISBLANK(B31),"",VLOOKUP(B31,SÜRELER!$A:$B,2,FALSE)) -> #N/A | D31: 136 | E31: =IF(ISBLANK($B31),"0",VLOOKUP($B31,SÜRELER!$A:$C,3,FALSE))*(D31-F31) -> #N/A | F31: 4 | G31: =VLOOKUP(B31,'R.H.'!A$3:C$3974,3,FALSE)*D31/100 -> #N/A | H31: =F31/D31 -> 0.029411765 | I31: =VLOOKUP(B31,'R.H.'!A$3:C$3974,3,FALSE)/100 -> #N/A | J31: 0.5 | K31: =E31/J31 -> #N/A | L31: 270 | N31: =K31/L31 -> #N/A | O31: =K31/(L31-M31) -> #N/A
A32: 28 | B32: 2028 | C32: =IF(ISBLANK(B32),"",VLOOKUP(B32,SÜRELER!$A:$B,2,FALSE)) -> #N/A | D32: 136 | E32: =IF(ISBLANK($B32),"0",VLOOKUP($B32,SÜRELER!$A:$C,3,FALSE))*(D32-F32) -> #N/A | F32: 4 | G32: =VLOOKUP(B32,'R.H.'!A$3:C$3974,3,FALSE)*D32/100 -> #N/A | H32: =F32/D32 -> 0.029411765 | I32: =VLOOKUP(B32,'R.H.'!A$3:C$3974,3,FALSE)/100 -> #N/A | J32: 0.5 | K32: =E32/J32 -> #N/A | L32: 270 | N32: =K32/L32 -> #N/A | O32: =K32/(L32-M32) -> #N/A
A33: 29 | C33: =IF(ISBLANK(B33),"",VLOOKUP(B33,SÜRELER!$A:$B,2,FALSE)) | E33: =IF(ISBLANK($B33),"0",VLOOKUP($B33,SÜRELER!$A:$C,3,FALSE))*(D33-F33) -> 0 | G33: =VLOOKUP(B33,'R.H.'!A$3:C$3974,3,FALSE)*D33/100 -> #N/A | H33: =F33/D33 -> #DIV/0! | I33: =VLOOKUP(B33,'R.H.'!A$3:C$3974,3,FALSE)/100 -> #N/A | K33: =E33/J33 -> #DIV/0! | N33: =K33/L33 -> #DIV/0! | O33: =K33/(L33-M33) -> #DIV/0!
A34: 30 | C34: =IF(ISBLANK(B34),"",VLOOKUP(B34,SÜRELER!$A:$B,2,FALSE)) | E34: =IF(ISBLANK($B34),"0",VLOOKUP($B34,SÜRELER!$A:$C,3,FALSE))*(D34-F34) -> 0 | G34: =VLOOKUP(B34,'R.H.'!A$3:C$3974,3,FALSE)*D34/100 -> #N/A | H34: =F34/D34 -> #DIV/0! | I34: =VLOOKUP(B34,'R.H.'!A$3:C$3974,3,FALSE)/100 -> #N/A | K34: =E34/J34 -> #DIV/0! | N34: =K34/L34 -> #DIV/0! | O34: =K34/(L34-M34) -> #DIV/0!
A35: 31 | C35: =IF(ISBLANK(B35),"",VLOOKUP(B35,SÜRELER!$A:$B,2,FALSE)) | E35: =IF(ISBLANK($B35),"0",VLOOKUP($B35,SÜRELER!$A:$C,3,FALSE))*(D35-F35) -> 0 | G35: =VLOOKUP(B35,'R.H.'!A$3:C$3974,3,FALSE)*D35/100 -> #N/A | H35: =F35/D35 -> #DIV/0! | I35: =VLOOKUP(B35,'R.H.'!A$3:C$3974,3,FALSE)/100 -> #N/A | K35: =E35/J35 -> #DIV/0! | N35: =K35/L35 -> #DIV/0! | O35: =K35/(L35-M35) -> #DIV/0!
A36: 32 | C36: =IF(ISBLANK(B36),"",VLOOKUP(B36,SÜRELER!$A:$B,2,FALSE)) | E36: =IF(ISBLANK($B36),"0",VLOOKUP($B36,SÜRELER!$A:$C,3,FALSE))*(D36-F36) -> 0 | G36: =VLOOKUP(B36,'R.H.'!A$3:C$3974,3,FALSE)*D36/100 -> #N/A | H36: =F36/D36 -> #DIV/0! | I36: =VLOOKUP(B36,'R.H.'!A$3:C$3974,3,FALSE)/100 -> #N/A | K36: =E36/J36 -> #DIV/0! | N36: =K36/L36 -> #DIV/0! | O36: =K36/(L36-M36) -> #DIV/0!
A37: 33 | C37: =IF(ISBLANK(B37),"",VLOOKUP(B37,SÜRELER!$A:$B,2,FALSE)) | E37: =IF(ISBLANK($B37),"0",VLOOKUP($B37,SÜRELER!$A:$C,3,FALSE))*(D37-F37) -> 0 | G37: =VLOOKUP(B37,'R.H.'!A$3:C$3974,3,FALSE)*D37/100 -> #N/A | H37: =F37/D37 -> #DIV/0! | I37: =VLOOKUP(B37,'R.H.'!A$3:C$3974,3,FALSE)/100 -> #N/A | K37: =E37/J37 -> #DIV/0! | N37: =K37/L37 -> #DIV/0! | O37: =K37/(L37-M37) -> #DIV/0!
A38: 34 | C38: =IF(ISBLANK(B38),"",VLOOKUP(B38,SÜRELER!$A:$B,2,FALSE)) | E38: =IF(ISBLANK($B38),"0",VLOOKUP($B38,SÜRELER!$A:$C,3,FALSE))*(D38-F38) -> 0 | G38: =VLOOKUP(B38,'R.H.'!A$3:C$3974,3,FALSE)*D38/100 -> #N/A | H38: =F38/D38 -> #DIV/0! | I38: =VLOOKUP(B38,'R.H.'!A$3:C$3974,3,FALSE)/100 -> #N/A | K38: =E38/J38 -> #DIV/0! | N38: =K38/L38 -> #DIV/0! | O38: =K38/(L38-M38) -> #DIV/0!
A39: 35 | C39: =IF(ISBLANK(B39),"",VLOOKUP(B39,SÜRELER!$A:$B,2,FALSE)) | E39: =IF(ISBLANK($B39),"0",VLOOKUP($B39,SÜRELER!$A:$C,3,FALSE))*(D39-F39) -> 0 | G39: =VLOOKUP(B39,'R.H.'!A$3:C$3974,3,FALSE)*D39/100 -> #N/A | H39: =F39/D39 -> #DIV/0! | I39: =VLOOKUP(B39,'R.H.'!A$3:C$3974,3,FALSE)/100 -> #N/A | K39: =E39/J39 -> #DIV/0! | N39: =K39/L39 -> #DIV/0! | O39: =K39/(L39-M39) -> #DIV/0!
A40: 36 | C40: =IF(ISBLANK(B40),"",VLOOKUP(B40,SÜRELER!$A:$B,2,FALSE)) | E40: =IF(ISBLANK($B40),"0",VLOOKUP($B40,SÜRELER!$A:$C,3,FALSE))*(D40-F40) -> 0 | G40: =VLOOKUP(B40,'R.H.'!A$3:C$3974,3,FALSE)*D40/100 -> #N/A | H40: =F40/D40 -> #DIV/0! | I40: =VLOOKUP(B40,'R.H.'!A$3:C$3974,3,FALSE)/100 -> #N/A | K40: =E40/J40 -> #DIV/0! | N40: =K40/L40 -> #DIV/0! | O40: =K40/(L40-M40) -> #DIV/0!
A41: 37 | C41: =IF(ISBLANK(B41),"",VLOOKUP(B41,SÜRELER!$A:$B,2,FALSE)) | E41: =IF(ISBLANK($B41),"0",VLOOKUP($B41,SÜRELER!$A:$C,3,FALSE))*(D41-F41) -> 0 | G41: =VLOOKUP(B41,'R.H.'!A$3:C$3974,3,FALSE)*D41/100 -> #N/A | H41: =F41/D41 -> #DIV/0! | I41: =VLOOKUP(B41,'R.H.'!A$3:C$3974,3,FALSE)/100 -> #N/A | K41: =E41/J41 -> #DIV/0! | N41: =K41/L41 -> #DIV/0! | O41: =K41/(L41-M41) -> #DIV/0!
A42: 38 | C42: =IF(ISBLANK(B42),"",VLOOKUP(B42,SÜRELER!$A:$B,2,FALSE)) | E42: =IF(ISBLANK($B42),"0",VLOOKUP($B42,SÜRELER!$A:$C,3,FALSE))*(D42-F42) -> 0 | G42: =VLOOKUP(B42,'R.H.'!A$3:C$3974,3,FALSE)*D42/100 -> #N/A | H42: =F42/D42 -> #DIV/0! | I42: =VLOOKUP(B42,'R.H.'!A$3:C$3974,3,FALSE)/100 -> #N/A | K42: =E42/J42 -> #DIV/0! | N42: =K42/L42 -> #DIV/0! | O42: =K42/(L42-M42) -> #DIV/0!
A43: 39 | C43: =IF(ISBLANK(B43),"",VLOOKUP(B43,SÜRELER!$A:$B,2,FALSE)) | E43: =IF(ISBLANK($B43),"0",VLOOKUP($B43,SÜRELER!$A:$C,3,FALSE))*(D43-F43) -> 0 | G43: =VLOOKUP(B43,'R.H.'!A$3:C$3974,3,FALSE)*D43/100 -> #N/A | H43: =F43/D43 -> #DIV/0! | I43: =VLOOKUP(B43,'R.H.'!A$3:C$3974,3,FALSE)/100 -> #N/A | K43: =E43/J43 -> #DIV/0! | N43: =K43/L43 -> #DIV/0! | O43: =K43/(L43-M43) -> #DIV/0!
A44: 40 | C44: =IF(ISBLANK(B44),"",VLOOKUP(B44,SÜRELER!$A:$B,2,FALSE)) | E44: =IF(ISBLANK($B44),"0",VLOOKUP($B44,SÜRELER!$A:$C,3,FALSE))*(D44-F44) -> 0 | G44: =VLOOKUP(B44,'R.H.'!A$3:C$3974,3,FALSE)*D44/100 -> #N/A | H44: =F44/D44 -> #DIV/0! | I44: =VLOOKUP(B44,'R.H.'!A$3:C$3974,3,FALSE)/100 -> #N/A | K44: =E44/J44 -> #DIV/0! | N44: =K44/L44 -> #DIV/0! | O44: =K44/(L44-M44) -> #DIV/0!
D45: =SUM(D5:D44) -> 20262 | E45: =SUM(E5:E44) -> #N/A | F45: =SUM(F5:F44) -> 150 | L45: =SUM(L5:L44) -> 15498 | M45: =SUM(M5:M44) -> 0
D46: % | E46: =F45/D45*100 -> 0.74030204
C49: Eleman Sayısı : | D49: 4
C50: Vardiyadaki Personel Sayısı : | D50: 17
C51: Tplm K. Kapasite : | D51: =(IF(A2="Cuma",D49*470,D49*520))+(D50*430) -> 9390
C52: Dış Bölüm/Görev :
C53: Duruş (Arıza, Mlz.Bekl,Set-up…) : | D53: 0
C54: Eğitim / İdari :
C55: Tedarikçi kaynaklı kayıp :
C56: Deneme :
C57: İş Tekrarı :
C58: Gerçek Kapasite : | D58: =D51-SUM(D52:E57) -> 9390
C59: DURUŞLARIN TOPLAMI | D59: =SUM(D52:D56) -> 0
D62: PLAN | E62: GERÇEKLEŞEN | F62: FİRE | G62: FİRE ORANI | H62: DURUŞ | I62: %
D63: =E63/I63 -> #N/A | E63: =D45 -> 20262 | F63: =F45 -> 150 | G63: =(F63*1000000)/E63 -> 7403.0204 | H63: =D59 -> 0 | I63: =N1 -> #N/A

Sheet 8
A1: ='7'!A1+1 -> 46211 | H1: Genel Verimlilik | N1: =E45/D51 -> #N/A | P1: ANA SAYFA
A2: =TEXT(A1,"gggg") -> Çarşamba
C3: TOPLAM ÜRETİM | D3: =D45 -> 12436
A4: S.No | B4: P. Kod | C4: Ürün Tanımı | D4: Ürt. Adt | E4: Std. Süre Dk | G4: SAP Rjm Fire Adt | H4: Fire % | I4: SAP Std Fire % | K4: Std T.Süresi (Dk) | L4: Gerçekleşen Toplam Süre | M4: Kayıp Zamanlar Toplamı | N4: Ürün Performansı | O4: İşçilik Performansı | P4: Açıklama
A5: 1 | B5: 1332 | C5: =IF(ISBLANK(B5),"",VLOOKUP(B5,SÜRELER!$A:$B,2,FALSE)) -> #N/A | D5: 240 | E5: =IF(ISBLANK($B5),"0",VLOOKUP($B5,SÜRELER!$A:$C,3,FALSE))*(D5-F5) -> #N/A | F5: 15 | G5: =VLOOKUP(B5,'R.H.'!A$3:C$3974,3,FALSE)*D5/100 -> #N/A | H5: =F5/D5 -> 0.0625 | I5: =VLOOKUP(B5,'R.H.'!A$3:C$3974,3,FALSE)/100 -> #N/A | J5: 0.5 | K5: =E5/J5 -> #N/A | L5: 265 | N5: =K5/L5 -> #N/A | O5: =K5/(L5-M5) -> #N/A | P5: ENGEL 1700 ACAK ISI TERMEKOPUL ARZASI
A6: 2 | B6: 1333 | C6: =IF(ISBLANK(B6),"",VLOOKUP(B6,SÜRELER!$A:$B,2,FALSE)) -> #N/A | D6: 240 | E6: =IF(ISBLANK($B6),"0",VLOOKUP($B6,SÜRELER!$A:$C,3,FALSE))*(D6-F6) -> #N/A | F6: 15 | G6: =VLOOKUP(B6,'R.H.'!A$3:C$3974,3,FALSE)*D6/100 -> #N/A | H6: =F6/D6 -> 0.0625 | I6: =VLOOKUP(B6,'R.H.'!A$3:C$3974,3,FALSE)/100 -> #N/A | J6: 0.5 | K6: =E6/J6 -> #N/A | L6: 265 | N6: =K6/L6 -> #N/A | O6: =K6/(L6-M6) -> #N/A
A7: 3 | B7: 1871 | C7: =IF(ISBLANK(B7),"",VLOOKUP(B7,SÜRELER!$A:$B,2,FALSE)) -> #N/A | D7: =560+284 -> 844 | E7: =IF(ISBLANK($B7),"0",VLOOKUP($B7,SÜRELER!$A:$C,3,FALSE))*(D7-F7) -> #N/A | F7: 4 | G7: =VLOOKUP(B7,'R.H.'!A$3:C$3974,3,FALSE)*D7/100 -> #N/A | H7: =F7/D7 -> 0.0047393365 | I7: =VLOOKUP(B7,'R.H.'!A$3:C$3974,3,FALSE)/100 -> #N/A | J7: 0.5 | K7: =E7/J7 -> #N/A | L7: 1000 | N7: =K7/L7 -> #N/A | O7: =K7/(L7-M7) -> #N/A
A8: 4 | B8: 1872 | C8: =IF(ISBLANK(B8),"",VLOOKUP(B8,SÜRELER!$A:$B,2,FALSE)) -> #N/A | D8: 844 | E8: =IF(ISBLANK($B8),"0",VLOOKUP($B8,SÜRELER!$A:$C,3,FALSE))*(D8-F8) -> #N/A | F8: 4 | G8: =VLOOKUP(B8,'R.H.'!A$3:C$3974,3,FALSE)*D8/100 -> #N/A | H8: =F8/D8 -> 0.0047393365 | I8: =VLOOKUP(B8,'R.H.'!A$3:C$3974,3,FALSE)/100 -> #N/A | J8: 0.5 | K8: =E8/J8 -> #N/A | L8: 1000 | N8: =K8/L8 -> #N/A | O8: =K8/(L8-M8) -> #N/A | P8: TÜM MAKİNALARDA ELEKTİRİK KESİNTİSİ NEDENİYLE
A9: 5 | B9: 845 | C9: =IF(ISBLANK(B9),"",VLOOKUP(B9,SÜRELER!$A:$B,2,FALSE)) -> #N/A | D9: 73 | E9: =IF(ISBLANK($B9),"0",VLOOKUP($B9,SÜRELER!$A:$C,3,FALSE))*(D9-F9) -> #N/A | F9: 22 | G9: =VLOOKUP(B9,'R.H.'!A$3:C$3974,3,FALSE)*D9/100 -> #N/A | H9: =F9/D9 -> 0.30136986 | I9: =VLOOKUP(B9,'R.H.'!A$3:C$3974,3,FALSE)/100 -> #N/A | J9: 0.5 | K9: =E9/J9 -> #N/A | L9: 70 | N9: =K9/L9 -> #N/A | O9: =K9/(L9-M9) -> #N/A
A10: 6 | B10: 1339 | C10: =IF(ISBLANK(B10),"",VLOOKUP(B10,SÜRELER!$A:$B,2,FALSE)) -> #N/A | D10: 264 | E10: =IF(ISBLANK($B10),"0",VLOOKUP($B10,SÜRELER!$A:$C,3,FALSE))*(D10-F10) -> #N/A | F10: 11 | G10: =VLOOKUP(B10,'R.H.'!A$3:C$3974,3,FALSE)*D10/100 -> #N/A | H10: =F10/D10 -> 0.041666667 | I10: =VLOOKUP(B10,'R.H.'!A$3:C$3974,3,FALSE)/100 -> #N/A | J10: 0.5 | K10: =E10/J10 -> #N/A | L10: 540 | N10: =K10/L10 -> #N/A | O10: =K10/(L10-M10) -> #N/A
A11: 7 | B11: 83 | C11: =IF(ISBLANK(B11),"",VLOOKUP(B11,SÜRELER!$A:$B,2,FALSE)) -> #N/A | D11: =145+245 -> 390 | E11: =IF(ISBLANK($B11),"0",VLOOKUP($B11,SÜRELER!$A:$C,3,FALSE))*(D11-F11) -> #N/A | F11: 18 | G11: =VLOOKUP(B11,'R.H.'!A$3:C$3974,3,FALSE)*D11/100 -> #N/A | H11: =F11/D11 -> 0.046153846 | I11: =VLOOKUP(B11,'R.H.'!A$3:C$3974,3,FALSE)/100 -> #N/A | J11: 0.5 | K11: =E11/J11 -> #N/A | L11: 490 | N11: =K11/L11 -> #N/A | O11: =K11/(L11-M11) -> #N/A
A12: 8 | B12: 84 | C12: =IF(ISBLANK(B12),"",VLOOKUP(B12,SÜRELER!$A:$B,2,FALSE)) -> #N/A | D12: 390 | E12: =IF(ISBLANK($B12),"0",VLOOKUP($B12,SÜRELER!$A:$C,3,FALSE))*(D12-F12) -> #N/A | F12: 18 | G12: =VLOOKUP(B12,'R.H.'!A$3:C$3974,3,FALSE)*D12/100 -> #N/A | H12: =F12/D12 -> 0.046153846 | I12: =VLOOKUP(B12,'R.H.'!A$3:C$3974,3,FALSE)/100 -> #N/A | J12: 0.5 | K12: =E12/J12 -> #N/A | L12: 490 | N12: =K12/L12 -> #N/A | O12: =K12/(L12-M12) -> #N/A
A13: 9 | B13: 1487 | C13: =IF(ISBLANK(B13),"",VLOOKUP(B13,SÜRELER!$A:$B,2,FALSE)) -> #N/A | D13: =40+404 -> 444 | E13: =IF(ISBLANK($B13),"0",VLOOKUP($B13,SÜRELER!$A:$C,3,FALSE))*(D13-F13) -> #N/A | F13: 4 | G13: =VLOOKUP(B13,'R.H.'!A$3:C$3974,3,FALSE)*D13/100 -> #N/A | H13: =F13/D13 -> 0.009009009 | I13: =VLOOKUP(B13,'R.H.'!A$3:C$3974,3,FALSE)/100 -> #N/A | J13: 0.5 | K13: =E13/J13 -> #N/A | L13: 2470 | N13: =K13/L13 -> #N/A | O13: =K13/(L13-M13) -> #N/A | P13: 270A İÇLENS TEK GÖZ ÜRETİM
A14: 10 | B14: 1782 | C14: =IF(ISBLANK(B14),"",VLOOKUP(B14,SÜRELER!$A:$B,2,FALSE)) -> #N/A | D14: =26+252 -> 278 | E14: =IF(ISBLANK($B14),"0",VLOOKUP($B14,SÜRELER!$A:$C,3,FALSE))*(D14-F14) -> #N/A | F14: 9 | G14: =VLOOKUP(B14,'R.H.'!A$3:C$3974,3,FALSE)*D14/100 -> #N/A | H14: =F14/D14 -> 0.032374101 | I14: =VLOOKUP(B14,'R.H.'!A$3:C$3974,3,FALSE)/100 -> #N/A | J14: 0.5 | K14: =E14/J14 -> #N/A | L14: 880 | N14: =K14/L14 -> #N/A | O14: =K14/(L14-M14) -> #N/A | P14: W212 REFLEKTÖR TEK GÖZ ÜRETİM
A15: 11 | B15: 311 | C15: =IF(ISBLANK(B15),"",VLOOKUP(B15,SÜRELER!$A:$B,2,FALSE)) -> #N/A | D15: =325+500 -> 825 | E15: =IF(ISBLANK($B15),"0",VLOOKUP($B15,SÜRELER!$A:$C,3,FALSE))*(D15-F15) -> #N/A | F15: 5 | G15: =VLOOKUP(B15,'R.H.'!A$3:C$3974,3,FALSE)*D15/100 -> #N/A | H15: =F15/D15 -> 0.0060606061 | I15: =VLOOKUP(B15,'R.H.'!A$3:C$3974,3,FALSE)/100 -> #N/A | J15: 1 | K15: =E15/J15 -> #N/A | L15: 600 | N15: =K15/L15 -> #N/A | O15: =K15/(L15-M15) -> #N/A
A16: 12 | B16: 1756 | C16: =IF(ISBLANK(B16),"",VLOOKUP(B16,SÜRELER!$A:$B,2,FALSE)) -> #N/A | D16: 190 | E16: =IF(ISBLANK($B16),"0",VLOOKUP($B16,SÜRELER!$A:$C,3,FALSE))*(D16-F16) -> #N/A | F16: 5 | G16: =VLOOKUP(B16,'R.H.'!A$3:C$3974,3,FALSE)*D16/100 -> #N/A | H16: =F16/D16 -> 0.026315789 | I16: =VLOOKUP(B16,'R.H.'!A$3:C$3974,3,FALSE)/100 -> #N/A | J16: 1 | K16: =E16/J16 -> #N/A | L16: 100 | N16: =K16/L16 -> #N/A | O16: =K16/(L16-M16) -> #N/A
A17: 13 | B17: 1757 | C17: =IF(ISBLANK(B17),"",VLOOKUP(B17,SÜRELER!$A:$B,2,FALSE)) -> #N/A | D17: 190 | E17: =IF(ISBLANK($B17),"0",VLOOKUP($B17,SÜRELER!$A:$C,3,FALSE))*(D17-F17) -> #N/A | F17: 0 | G17: =VLOOKUP(B17,'R.H.'!A$3:C$3974,3,FALSE)*D17/100 -> #N/A | H17: =F17/D17 -> 0 | I17: =VLOOKUP(B17,'R.H.'!A$3:C$3974,3,FALSE)/100 -> #N/A | J17: 0.5 | K17: =E17/J17 -> #N/A | L17: 210 | N17: =K17/L17 -> #N/A | O17: =K17/(L17-M17) -> #N/A | P17: 3 KİŞİ SKODA KAROq ÜRÜN KONTROLUN YAPILDI 1920TK
A18: 14 | B18: 1587 | C18: =IF(ISBLANK(B18),"",VLOOKUP(B18,SÜRELER!$A:$B,2,FALSE)) -> #N/A | D18: =144+351 -> 495 | E18: =IF(ISBLANK($B18),"0",VLOOKUP($B18,SÜRELER!$A:$C,3,FALSE))*(D18-F18) -> #N/A | F18: 0 | G18: =VLOOKUP(B18,'R.H.'!A$3:C$3974,3,FALSE)*D18/100 -> #N/A | H18: =F18/D18 -> 0 | I18: =VLOOKUP(B18,'R.H.'!A$3:C$3974,3,FALSE)/100 -> #N/A | J18: 0.5 | K18: =E18/J18 -> #N/A | L18: 620 | N18: =K18/L18 -> #N/A | O18: =K18/(L18-M18) -> #N/A
A19: 15 | B19: 1588 | C19: =IF(ISBLANK(B19),"",VLOOKUP(B19,SÜRELER!$A:$B,2,FALSE)) -> #N/A | D19: 495 | E19: =IF(ISBLANK($B19),"0",VLOOKUP($B19,SÜRELER!$A:$C,3,FALSE))*(D19-F19) -> #N/A | F19: 0 | G19: =VLOOKUP(B19,'R.H.'!A$3:C$3974,3,FALSE)*D19/100 -> #N/A | H19: =F19/D19 -> 0 | I19: =VLOOKUP(B19,'R.H.'!A$3:C$3974,3,FALSE)/100 -> #N/A | J19: 0.5 | K19: =E19/J19 -> #N/A | L19: 620 | N19: =K19/L19 -> #N/A | O19: =K19/(L19-M19) -> #N/A
A20: 16 | B20: 1330 | C20: =IF(ISBLANK(B20),"",VLOOKUP(B20,SÜRELER!$A:$B,2,FALSE)) -> #N/A | D20: =500+1120 -> 1620 | E20: =IF(ISBLANK($B20),"0",VLOOKUP($B20,SÜRELER!$A:$C,3,FALSE))*(D20-F20) -> #N/A | F20: 3 | G20: =VLOOKUP(B20,'R.H.'!A$3:C$3974,3,FALSE)*D20/100 -> #N/A | H20: =F20/D20 -> 0.0018518519 | I20: =VLOOKUP(B20,'R.H.'!A$3:C$3974,3,FALSE)/100 -> #N/A | J20: 0.5 | K20: =E20/J20 -> #N/A | L20: 730 | N20: =K20/L20 -> #N/A | O20: =K20/(L20-M20) -> #N/A
A21: 17 | B21: 1331 | C21: =IF(ISBLANK(B21),"",VLOOKUP(B21,SÜRELER!$A:$B,2,FALSE)) -> #N/A | D21: 1620 | E21: =IF(ISBLANK($B21),"0",VLOOKUP($B21,SÜRELER!$A:$C,3,FALSE))*(D21-F21) -> #N/A | F21: 3 | G21: =VLOOKUP(B21,'R.H.'!A$3:C$3974,3,FALSE)*D21/100 -> #N/A | H21: =F21/D21 -> 0.0018518519 | I21: =VLOOKUP(B21,'R.H.'!A$3:C$3974,3,FALSE)/100 -> #N/A | J21: 1 | K21: =E21/J21 -> #N/A | L21: 360 | N21: =K21/L21 -> #N/A | O21: =K21/(L21-M21) -> #N/A
A22: 18 | B22: 2079 | C22: =IF(ISBLANK(B22),"",VLOOKUP(B22,SÜRELER!$A:$B,2,FALSE)) -> #N/A | D22: =250+130 -> 380 | E22: =IF(ISBLANK($B22),"0",VLOOKUP($B22,SÜRELER!$A:$C,3,FALSE))*(D22-F22) -> #N/A | F22: 10 | G22: =VLOOKUP(B22,'R.H.'!A$3:C$3974,3,FALSE)*D22/100 -> #N/A | H22: =F22/D22 -> 0.026315789 | I22: =VLOOKUP(B22,'R.H.'!A$3:C$3974,3,FALSE)/100 -> #N/A | J22: 0.5 | K22: =E22/J22 -> #N/A | L22: 700 | N22: =K22/L22 -> #N/A | O22: =K22/(L22-M22) -> #N/A
A23: 19 | B23: 1334 | C23: =IF(ISBLANK(B23),"",VLOOKUP(B23,SÜRELER!$A:$B,2,FALSE)) -> #N/A | D23: 210 | E23: =IF(ISBLANK($B23),"0",VLOOKUP($B23,SÜRELER!$A:$C,3,FALSE))*(D23-F23) -> #N/A | F23: 6 | G23: =VLOOKUP(B23,'R.H.'!A$3:C$3974,3,FALSE)*D23/100 -> #N/A | H23: =F23/D23 -> 0.028571429 | I23: =VLOOKUP(B23,'R.H.'!A$3:C$3974,3,FALSE)/100 -> #N/A | J23: 0.5 | K23: =E23/J23 -> #N/A | L23: 190 | N23: =K23/L23 -> #N/A | O23: =K23/(L23-M23) -> #N/A
A24: 20 | B24: 1335 | C24: =IF(ISBLANK(B24),"",VLOOKUP(B24,SÜRELER!$A:$B,2,FALSE)) -> #N/A | D24: 210 | E24: =IF(ISBLANK($B24),"0",VLOOKUP($B24,SÜRELER!$A:$C,3,FALSE))*(D24-F24) -> #N/A | F24: 6 | G24: =VLOOKUP(B24,'R.H.'!A$3:C$3974,3,FALSE)*D24/100 -> #N/A | H24: =F24/D24 -> 0.028571429 | I24: =VLOOKUP(B24,'R.H.'!A$3:C$3974,3,FALSE)/100 -> #N/A | J24: 0.5 | K24: =E24/J24 -> #N/A | L24: 190 | N24: =K24/L24 -> #N/A | O24: =K24/(L24-M24) -> #N/A
A25: 21 | B25: 1481 | C25: =IF(ISBLANK(B25),"",VLOOKUP(B25,SÜRELER!$A:$B,2,FALSE)) -> #N/A | D25: 434 | E25: =IF(ISBLANK($B25),"0",VLOOKUP($B25,SÜRELER!$A:$C,3,FALSE))*(D25-F25) -> #N/A | F25: 10 | G25: =VLOOKUP(B25,'R.H.'!A$3:C$3974,3,FALSE)*D25/100 -> #N/A | H25: =F25/D25 -> 0.023041475 | I25: =VLOOKUP(B25,'R.H.'!A$3:C$3974,3,FALSE)/100 -> #N/A | J25: 1 | K25: =E25/J25 -> #N/A | L25: 180 | N25: =K25/L25 -> #N/A | O25: =K25/(L25-M25) -> #N/A
A26: 22 | B26: 1482 | C26: =IF(ISBLANK(B26),"",VLOOKUP(B26,SÜRELER!$A:$B,2,FALSE)) -> #N/A | D26: 434 | E26: =IF(ISBLANK($B26),"0",VLOOKUP($B26,SÜRELER!$A:$C,3,FALSE))*(D26-F26) -> #N/A | F26: 10 | G26: =VLOOKUP(B26,'R.H.'!A$3:C$3974,3,FALSE)*D26/100 -> #N/A | H26: =F26/D26 -> 0.023041475 | I26: =VLOOKUP(B26,'R.H.'!A$3:C$3974,3,FALSE)/100 -> #N/A | J26: 0.5 | K26: =E26/J26 -> #N/A | L26: 369 | N26: =K26/L26 -> #N/A | O26: =K26/(L26-M26) -> #N/A
A27: 23 | B27: 714 | C27: =IF(ISBLANK(B27),"",VLOOKUP(B27,SÜRELER!$A:$B,2,FALSE)) -> #N/A | D27: 428 | E27: =IF(ISBLANK($B27),"0",VLOOKUP($B27,SÜRELER!$A:$C,3,FALSE))*(D27-F27) -> #N/A | F27: 8 | G27: =VLOOKUP(B27,'R.H.'!A$3:C$3974,3,FALSE)*D27/100 -> #N/A | H27: =F27/D27 -> 0.018691589 | I27: =VLOOKUP(B27,'R.H.'!A$3:C$3974,3,FALSE)/100 -> #N/A | J27: 0.5 | K27: =E27/J27 -> #N/A | L27: 450 | N27: =K27/L27 -> #N/A | O27: =K27/(L27-M27) -> #N/A
A28: 24 | B28: 715 | C28: =IF(ISBLANK(B28),"",VLOOKUP(B28,SÜRELER!$A:$B,2,FALSE)) -> #N/A | D28: 428 | E28: =IF(ISBLANK($B28),"0",VLOOKUP($B28,SÜRELER!$A:$C,3,FALSE))*(D28-F28) -> #N/A | F28: 8 | G28: =VLOOKUP(B28,'R.H.'!A$3:C$3974,3,FALSE)*D28/100 -> #N/A | H28: =F28/D28 -> 0.018691589 | I28: =VLOOKUP(B28,'R.H.'!A$3:C$3974,3,FALSE)/100 -> #N/A | J28: 0.5 | K28: =E28/J28 -> #N/A | L28: 450 | N28: =K28/L28 -> #N/A | O28: =K28/(L28-M28) -> #N/A
A29: 25 | B29: 9825 | C29: =IF(ISBLANK(B29),"",VLOOKUP(B29,SÜRELER!$A:$B,2,FALSE)) -> #N/A | D29: 470 | E29: =IF(ISBLANK($B29),"0",VLOOKUP($B29,SÜRELER!$A:$C,3,FALSE))*(D29-F29) -> #N/A | F29: 10 | G29: =VLOOKUP(B29,'R.H.'!A$3:C$3974,3,FALSE)*D29/100 -> #N/A | H29: =F29/D29 -> 0.021276596 | I29: =VLOOKUP(B29,'R.H.'!A$3:C$3974,3,FALSE)/100 -> #N/A | J29: 1 | K29: =E29/J29 -> #N/A | L29: 280 | N29: =K29/L29 -> #N/A | O29: =K29/(L29-M29) -> #N/A
A30: 26 | C30: =IF(ISBLANK(B30),"",VLOOKUP(B30,SÜRELER!$A:$B,2,FALSE)) | E30: =IF(ISBLANK($B30),"0",VLOOKUP($B30,SÜRELER!$A:$C,3,FALSE))*(D30-F30) -> 0 | G30: =VLOOKUP(B30,'R.H.'!A$3:C$3974,3,FALSE)*D30/100 -> #N/A | H30: =F30/D30 -> #DIV/0! | I30: =VLOOKUP(B30,'R.H.'!A$3:C$3974,3,FALSE)/100 -> #N/A | K30: =E30/J30 -> #DIV/0! | N30: =K30/L30 -> #DIV/0! | O30: =K30/(L30-M30) -> #DIV/0!
A31: 27 | C31: =IF(ISBLANK(B31),"",VLOOKUP(B31,SÜRELER!$A:$B,2,FALSE)) | E31: =IF(ISBLANK($B31),"0",VLOOKUP($B31,SÜRELER!$A:$C,3,FALSE))*(D31-F31) -> 0 | G31: =VLOOKUP(B31,'R.H.'!A$3:C$3974,3,FALSE)*D31/100 -> #N/A | H31: =F31/D31 -> #DIV/0! | I31: =VLOOKUP(B31,'R.H.'!A$3:C$3974,3,FALSE)/100 -> #N/A | K31: =E31/J31 -> #DIV/0! | N31: =K31/L31 -> #DIV/0! | O31: =K31/(L31-M31) -> #DIV/0!
A32: 28 | C32: =IF(ISBLANK(B32),"",VLOOKUP(B32,SÜRELER!$A:$B,2,FALSE)) | E32: =IF(ISBLANK($B32),"0",VLOOKUP($B32,SÜRELER!$A:$C,3,FALSE))*(D32-F32) -> 0 | G32: =VLOOKUP(B32,'R.H.'!A$3:C$3974,3,FALSE)*D32/100 -> #N/A | H32: =F32/D32 -> #DIV/0! | I32: =VLOOKUP(B32,'R.H.'!A$3:C$3974,3,FALSE)/100 -> #N/A | K32: =E32/J32 -> #DIV/0! | N32: =K32/L32 -> #DIV/0! | O32: =K32/(L32-M32) -> #DIV/0!
A33: 29 | C33: =IF(ISBLANK(B33),"",VLOOKUP(B33,SÜRELER!$A:$B,2,FALSE)) | E33: =IF(ISBLANK($B33),"0",VLOOKUP($B33,SÜRELER!$A:$C,3,FALSE))*(D33-F33) -> 0 | G33: =VLOOKUP(B33,'R.H.'!A$3:C$3974,3,FALSE)*D33/100 -> #N/A | H33: =F33/D33 -> #DIV/0! | I33: =VLOOKUP(B33,'R.H.'!A$3:C$3974,3,FALSE)/100 -> #N/A | K33: =E33/J33 -> #DIV/0! | N33: =K33/L33 -> #DIV/0! | O33: =K33/(L33-M33) -> #DIV/0!
A34: 30 | C34: =IF(ISBLANK(B34),"",VLOOKUP(B34,SÜRELER!$A:$B,2,FALSE)) | E34: =IF(ISBLANK($B34),"0",VLOOKUP($B34,SÜRELER!$A:$C,3,FALSE))*(D34-F34) -> 0 | G34: =VLOOKUP(B34,'R.H.'!A$3:C$3974,3,FALSE)*D34/100 -> #N/A | H34: =F34/D34 -> #DIV/0! | I34: =VLOOKUP(B34,'R.H.'!A$3:C$3974,3,FALSE)/100 -> #N/A | K34: =E34/J34 -> #DIV/0! | N34: =K34/L34 -> #DIV/0! | O34: =K34/(L34-M34) -> #DIV/0!
A35: 31 | C35: =IF(ISBLANK(B35),"",VLOOKUP(B35,SÜRELER!$A:$B,2,FALSE)) | E35: =IF(ISBLANK($B35),"0",VLOOKUP($B35,SÜRELER!$A:$C,3,FALSE))*(D35-F35) -> 0 | G35: =VLOOKUP(B35,'R.H.'!A$3:C$3974,3,FALSE)*D35/100 -> #N/A | H35: =F35/D35 -> #DIV/0! | I35: =VLOOKUP(B35,'R.H.'!A$3:C$3974,3,FALSE)/100 -> #N/A | K35: =E35/J35 -> #DIV/0! | N35: =K35/L35 -> #DIV/0! | O35: =K35/(L35-M35) -> #DIV/0!
A36: 32 | C36: =IF(ISBLANK(B36),"",VLOOKUP(B36,SÜRELER!$A:$B,2,FALSE)) | E36: =IF(ISBLANK($B36),"0",VLOOKUP($B36,SÜRELER!$A:$C,3,FALSE))*(D36-F36) -> 0 | G36: =VLOOKUP(B36,'R.H.'!A$3:C$3974,3,FALSE)*D36/100 -> #N/A | H36: =F36/D36 -> #DIV/0! | I36: =VLOOKUP(B36,'R.H.'!A$3:C$3974,3,FALSE)/100 -> #N/A | K36: =E36/J36 -> #DIV/0! | N36: =K36/L36 -> #DIV/0! | O36: =K36/(L36-M36) -> #DIV/0!
A37: 33 | C37: =IF(ISBLANK(B37),"",VLOOKUP(B37,SÜRELER!$A:$B,2,FALSE)) | E37: =IF(ISBLANK($B37),"0",VLOOKUP($B37,SÜRELER!$A:$C,3,FALSE))*(D37-F37) -> 0 | G37: =VLOOKUP(B37,'R.H.'!A$3:C$3974,3,FALSE)*D37/100 -> #N/A | H37: =F37/D37 -> #DIV/0! | I37: =VLOOKUP(B37,'R.H.'!A$3:C$3974,3,FALSE)/100 -> #N/A | K37: =E37/J37 -> #DIV/0! | N37: =K37/L37 -> #DIV/0! | O37: =K37/(L37-M37) -> #DIV/0!
A38: 34 | C38: =IF(ISBLANK(B38),"",VLOOKUP(B38,SÜRELER!$A:$B,2,FALSE)) | E38: =IF(ISBLANK($B38),"0",VLOOKUP($B38,SÜRELER!$A:$C,3,FALSE))*(D38-F38) -> 0 | G38: =VLOOKUP(B38,'R.H.'!A$3:C$3974,3,FALSE)*D38/100 -> #N/A | H38: =F38/D38 -> #DIV/0! | I38: =VLOOKUP(B38,'R.H.'!A$3:C$3974,3,FALSE)/100 -> #N/A | K38: =E38/J38 -> #DIV/0! | N38: =K38/L38 -> #DIV/0! | O38: =K38/(L38-M38) -> #DIV/0!
A39: 35 | C39: =IF(ISBLANK(B39),"",VLOOKUP(B39,SÜRELER!$A:$B,2,FALSE)) | E39: =IF(ISBLANK($B39),"0",VLOOKUP($B39,SÜRELER!$A:$C,3,FALSE))*(D39-F39) -> 0 | G39: =VLOOKUP(B39,'R.H.'!A$3:C$3974,3,FALSE)*D39/100 -> #N/A | H39: =F39/D39 -> #DIV/0! | I39: =VLOOKUP(B39,'R.H.'!A$3:C$3974,3,FALSE)/100 -> #N/A | K39: =E39/J39 -> #DIV/0! | N39: =K39/L39 -> #DIV/0! | O39: =K39/(L39-M39) -> #DIV/0!
A40: 36 | C40: =IF(ISBLANK(B40),"",VLOOKUP(B40,SÜRELER!$A:$B,2,FALSE)) | E40: =IF(ISBLANK($B40),"0",VLOOKUP($B40,SÜRELER!$A:$C,3,FALSE))*(D40-F40) -> 0 | G40: =VLOOKUP(B40,'R.H.'!A$3:C$3974,3,FALSE)*D40/100 -> #N/A | H40: =F40/D40 -> #DIV/0! | I40: =VLOOKUP(B40,'R.H.'!A$3:C$3974,3,FALSE)/100 -> #N/A | K40: =E40/J40 -> #DIV/0! | N40: =K40/L40 -> #DIV/0! | O40: =K40/(L40-M40) -> #DIV/0!
A41: 37 | C41: =IF(ISBLANK(B41),"",VLOOKUP(B41,SÜRELER!$A:$B,2,FALSE)) | E41: =IF(ISBLANK($B41),"0",VLOOKUP($B41,SÜRELER!$A:$C,3,FALSE))*(D41-F41) -> 0 | G41: =VLOOKUP(B41,'R.H.'!A$3:C$3974,3,FALSE)*D41/100 -> #N/A | H41: =F41/D41 -> #DIV/0! | I41: =VLOOKUP(B41,'R.H.'!A$3:C$3974,3,FALSE)/100 -> #N/A | K41: =E41/J41 -> #DIV/0! | N41: =K41/L41 -> #DIV/0! | O41: =K41/(L41-M41) -> #DIV/0!
... A44: 40 | C44: =IF(ISBLANK(B44),"",VLOOKUP(B44,SÜRELER!$A:$B,2,FALSE)) | E44: =IF(ISBLANK($B44),"0",VLOOKUP($B44,SÜRELER!$A:$C,3,FALSE))*(D44-F44) -> 0 | G44: =VLOOKUP(B44,'R.H.'!A$3:C$3974,3,FALSE)*D44/100 -> #N/A | H44: =F44/D44 -> #DIV/0! | I44: =VLOOKUP(B44,'R.H.'!A$3:C$3974,3,FALSE)/100 -> #N/A | K44: =E44/J44 -> #DIV/0! | N44: =K44/L44 -> #DIV/0! | O44: =K44/(L44-M44) -> #DIV/0!
D45: =SUM(D5:D44) -> 12436 | E45: =SUM(E5:E44) -> #N/A | F45: =SUM(F5:F44) -> 204 | L45: =SUM(L5:L44) -> 13519 | M45: =SUM(M5:M44) -> 0
D46: % | E46: =F45/D45*100 -> 1.6403988
C49: Eleman Sayısı : | D49: 4
C50: Vardiyadaki Personel Sayısı : | D50: 13
C51: Tplm K. Kapasite : | D51: =(IF(A2="Cuma",D49*470,D49*520))+(D50*430) -> 7670
C52: Dış Bölüm/Görev :
C53: Duruş (Arıza, Mlz.Bekl,Set-up…) : | D53: 150
C54: Eğitim / İdari :
C55: Tedarikçi kaynaklı kayıp :
C56: Deneme :
C57: İş Tekrarı :
C58: Gerçek Kapasite : | D58: =D51-SUM(D52:E57) -> 7520
C59: DURUŞLARIN TOPLAMI | D59: =SUM(D52:D56) -> 150
D62: PLAN | E62: GERÇEKLEŞEN | F62: FİRE | G62: FİRE ORANI | H62: DURUŞ | I62: %
D63: =E63/I63 -> #N/A | E63: =D45 -> 12436 | F63: =F45 -> 204 | G63: =(F63*1000000)/E63 -> 16403.988 | H63: =D59 -> 150 | I63: =N1 -> #N/A

Sheet 9
A1: ='8'!A1+1 -> 46212 | H1: Genel Verimlilik | N1: =E45/D51 -> #N/A | P1: ANA SAYFA
A2: =TEXT(A1,"gggg") -> Perşembe
C3: TOPLAM ÜRETİM | D3: =D45 -> 16027
A4: S.No | B4: P. Kod | C4: Ürün Tanımı | D4: Ürt. Adt | E4: Std. Süre Dk | G4: SAP Rjm Fire Adt | H4: Fire % | I4: SAP Std Fire % | K4: Std T.Süresi (Dk) | L4: Gerçekleşen Toplam Süre | M4: Kayıp Zamanlar Toplamı | N4: Ürün Performansı | O4: İşçilik Performansı | P4: Açıklama
A5: 1 | B5: 1776 | C5: =IF(ISBLANK(B5),"",VLOOKUP(B5,SÜRELER!$A:$B,2,FALSE)) -> #N/A | D5: 304 | E5: =IF(ISBLANK($B5),"0",VLOOKUP($B5,SÜRELER!$A:$C,3,FALSE))*(D5-F5) -> #N/A | F5: 4 | G5: =VLOOKUP(B5,'R.H.'!A$3:C$3974,3,FALSE)*D5/100 -> #N/A | H5: =F5/D5 -> 0.013157895 | I5: =VLOOKUP(B5,'R.H.'!A$3:C$3974,3,FALSE)/100 -> #N/A | J5: 1 | K5: =E5/J5 -> #N/A | L5: 310 | N5: =K5/L5 -> #N/A | O5: =K5/(L5-M5) -> #N/A | P5: W212 SU KAÇAGI NEDENİYLE
A6: 2 | B6: 2082 | C6: =IF(ISBLANK(B6),"",VLOOKUP(B6,SÜRELER!$A:$B,2,FALSE)) -> #N/A | D6: =69+112 -> 181 | E6: =IF(ISBLANK($B6),"0",VLOOKUP($B6,SÜRELER!$A:$C,3,FALSE))*(D6-F6) -> #N/A | F6: 0 | G6: =VLOOKUP(B6,'R.H.'!A$3:C$3974,3,FALSE)*D6/100 -> #N/A | H6: =F6/D6 -> 0 | I6: =VLOOKUP(B6,'R.H.'!A$3:C$3974,3,FALSE)/100 -> #N/A | J6: 0.5 | K6: =E6/J6 -> #N/A | L6: 500 | N6: =K6/L6 -> #N/A | O6: =K6/(L6-M6) -> #N/A | P6: ENGEL 1700 OCAK ISI ARZASI
A7: 3 | B7: 1330 | C7: =IF(ISBLANK(B7),"",VLOOKUP(B7,SÜRELER!$A:$B,2,FALSE)) -> #N/A | D7: =1100+948 -> 2048 | E7: =IF(ISBLANK($B7),"0",VLOOKUP($B7,SÜRELER!$A:$C,3,FALSE))*(D7-F7) -> #N/A | F7: 0 | G7: =VLOOKUP(B7,'R.H.'!A$3:C$3974,3,FALSE)*D7/100 -> #N/A | H7: =F7/D7 -> 0 | I7: =VLOOKUP(B7,'R.H.'!A$3:C$3974,3,FALSE)/100 -> #N/A | J7: 0.5 | K7: =E7/J7 -> #N/A | L7: 865 | N7: =K7/L7 -> #N/A | O7: =K7/(L7-M7) -> #N/A
A8: 4 | B8: 1331 | C8: =IF(ISBLANK(B8),"",VLOOKUP(B8,SÜRELER!$A:$B,2,FALSE)) -> #N/A | D8: 2048 | E8: =IF(ISBLANK($B8),"0",VLOOKUP($B8,SÜRELER!$A:$C,3,FALSE))*(D8-F8) -> #N/A | F8: 0 | G8: =VLOOKUP(B8,'R.H.'!A$3:C$3974,3,FALSE)*D8/100 -> #N/A | H8: =F8/D8 -> 0 | I8: =VLOOKUP(B8,'R.H.'!A$3:C$3974,3,FALSE)/100 -> #N/A | J8: 0.5 | K8: =E8/J8 -> #N/A | L8: 865 | N8: =K8/L8 -> #N/A | O8: =K8/(L8-M8) -> #N/A
A9: 5 | B9: 97 | C9: =IF(ISBLANK(B9),"",VLOOKUP(B9,SÜRELER!$A:$B,2,FALSE)) -> #N/A | D9: =289+71 -> 360 | E9: =IF(ISBLANK($B9),"0",VLOOKUP($B9,SÜRELER!$A:$C,3,FALSE))*(D9-F9) -> #N/A | F9: 60 | G9: =VLOOKUP(B9,'R.H.'!A$3:C$3974,3,FALSE)*D9/100 -> #N/A | H9: =F9/D9 -> 0.16666667 | I9: =VLOOKUP(B9,'R.H.'!A$3:C$3974,3,FALSE)/100 -> #N/A | J9: 0.5 | K9: =E9/J9 -> #N/A | L9: 680 | N9: =K9/L9 -> #N/A | O9: =K9/(L9-M9) -> #N/A
A10: 6 | B10: 2179 | C10: =IF(ISBLANK(B10),"",VLOOKUP(B10,SÜRELER!$A:$B,2,FALSE)) -> #N/A | D10: 356 | E10: =IF(ISBLANK($B10),"0",VLOOKUP($B10,SÜRELER!$A:$C,3,FALSE))*(D10-F10) -> #N/A | F10: 12 | G10: =VLOOKUP(B10,'R.H.'!A$3:C$3974,3,FALSE)*D10/100 -> #N/A | H10: =F10/D10 -> 0.033707865 | I10: =VLOOKUP(B10,'R.H.'!A$3:C$3974,3,FALSE)/100 -> #N/A | J10: 0.5 | K10: =E10/J10 -> #N/A | L10: 350 | N10: =K10/L10 -> #N/A | O10: =K10/(L10-M10) -> #N/A
A11: 7 | B11: 2180 | C11: =IF(ISBLANK(B11),"",VLOOKUP(B11,SÜRELER!$A:$B,2,FALSE)) -> #N/A | D11: 356 | E11: =IF(ISBLANK($B11),"0",VLOOKUP($B11,SÜRELER!$A:$C,3,FALSE))*(D11-F11) -> #N/A | F11: 12 | G11: =VLOOKUP(B11,'R.H.'!A$3:C$3974,3,FALSE)*D11/100 -> #N/A | H11: =F11/D11 -> 0.033707865 | I11: =VLOOKUP(B11,'R.H.'!A$3:C$3974,3,FALSE)/100 -> #N/A | J11: 0.5 | K11: =E11/J11 -> #N/A | L11: 350 | N11: =K11/L11 -> #N/A | O11: =K11/(L11-M11) -> #N/A
A12: 8 | B12: 1960 | C12: =IF(ISBLANK(B12),"",VLOOKUP(B12,SÜRELER!$A:$B,2,FALSE)) -> #N/A | D12: =100+206 -> 306 | E12: =IF(ISBLANK($B12),"0",VLOOKUP($B12,SÜRELER!$A:$C,3,FALSE))*(D12-F12) -> #N/A | F12: 10 | G12: =VLOOKUP(B12,'R.H.'!A$3:C$3974,3,FALSE)*D12/100 -> #N/A | H12: =F12/D12 -> 0.032679739 | I12: =VLOOKUP(B12,'R.H.'!A$3:C$3974,3,FALSE)/100 -> #N/A | J12: 0.5 | K12: =E12/J12 -> #N/A | L12: 2970 | N12: =K12/L12 -> #N/A | O12: =K12/(L12-M12) -> #N/A
A13: 9 | B13: 1961 | C13: =IF(ISBLANK(B13),"",VLOOKUP(B13,SÜRELER!$A:$B,2,FALSE)) -> #N/A | D13: 306 | E13: =IF(ISBLANK($B13),"0",VLOOKUP($B13,SÜRELER!$A:$C,3,FALSE))*(D13-F13) -> #N/A | F13: 10 | G13: =VLOOKUP(B13,'R.H.'!A$3:C$3974,3,FALSE)*D13/100 -> #N/A | H13: =F13/D13 -> 0.032679739 | I13: =VLOOKUP(B13,'R.H.'!A$3:C$3974,3,FALSE)/100 -> #N/A | J13: 0.5 | K13: =E13/J13 -> #N/A | L13: 2970 | N13: =K13/L13 -> #N/A | O13: =K13/(L13-M13) -> #N/A
A14: 10 | B14: 1339 | C14: =IF(ISBLANK(B14),"",VLOOKUP(B14,SÜRELER!$A:$B,2,FALSE)) -> #N/A | D14: =534+516 -> 1050 | E14: =IF(ISBLANK($B14),"0",VLOOKUP($B14,SÜRELER!$A:$C,3,FALSE))*(D14-F14) -> #N/A | F14: 6 | G14: =VLOOKUP(B14,'R.H.'!A$3:C$3974,3,FALSE)*D14/100 -> #N/A | H14: =F14/D14 -> 0.0057142857 | I14: =VLOOKUP(B14,'R.H.'!A$3:C$3974,3,FALSE)/100 -> #N/A | J14: 0.5 | K14: =E14/J14 -> #N/A | L14: 2098 | N14: =K14/L14 -> #N/A | O14: =K14/(L14-M14) -> #N/A
A15: 11 | B15: 1360 | C15: =IF(ISBLANK(B15),"",VLOOKUP(B15,SÜRELER!$A:$B,2,FALSE)) -> #N/A | D15: =278+787 -> 1065 | E15: =IF(ISBLANK($B15),"0",VLOOKUP($B15,SÜRELER!$A:$C,3,FALSE))*(D15-F15) -> #N/A | F15: 2 | G15: =VLOOKUP(B15,'R.H.'!A$3:C$3974,3,FALSE)*D15/100 -> #N/A | H15: =F15/D15 -> 0.0018779343 | I15: =VLOOKUP(B15,'R.H.'!A$3:C$3974,3,FALSE)/100 -> #N/A | J15: 0.5 | K15: =E15/J15 -> #N/A | L15: 1070 | N15: =K15/L15 -> #N/A | O15: =K15/(L15-M15) -> #N/A
A16: 12 | B16: 1361 | C16: =IF(ISBLANK(B16),"",VLOOKUP(B16,SÜRELER!$A:$B,2,FALSE)) -> #N/A | D16: 1065 | E16: =IF(ISBLANK($B16),"0",VLOOKUP($B16,SÜRELER!$A:$C,3,FALSE))*(D16-F16) -> #N/A | F16: 2 | G16: =VLOOKUP(B16,'R.H.'!A$3:C$3974,3,FALSE)*D16/100 -> #N/A | H16: =F16/D16 -> 0.0018779343 | I16: =VLOOKUP(B16,'R.H.'!A$3:C$3974,3,FALSE)/100 -> #N/A | J16: 0.5 | K16: =E16/J16 -> #N/A | L16: 1070 | N16: =K16/L16 -> #N/A | O16: =K16/(L16-M16) -> #N/A
A17: 13 | B17: 2070 | C17: =IF(ISBLANK(B17),"",VLOOKUP(B17,SÜRELER!$A:$B,2,FALSE)) -> #N/A | D17: =232+502 -> 734 | E17: =IF(ISBLANK($B17),"0",VLOOKUP($B17,SÜRELER!$A:$C,3,FALSE))*(D17-F17) -> #N/A | F17: 16 | G17: =VLOOKUP(B17,'R.H.'!A$3:C$3974,3,FALSE)*D17/100 -> #N/A | H17: =F17/D17 -> 0.021798365 | I17: =VLOOKUP(B17,'R.H.'!A$3:C$3974,3,FALSE)/100 -> #N/A | J17: 0.5 | K17: =E17/J17 -> #N/A | L17: 670 | N17: =K17/L17 -> #N/A | O17: =K17/(L17-M17) -> #N/A
A18: 14 | B18: 2071 | C18: =IF(ISBLANK(B18),"",VLOOKUP(B18,SÜRELER!$A:$B,2,FALSE)) -> #N/A | D18: 734 | E18: =IF(ISBLANK($B18),"0",VLOOKUP($B18,SÜRELER!$A:$C,3,FALSE))*(D18-F18) -> #N/A | F18: 16 | G18: =VLOOKUP(B18,'R.H.'!A$3:C$3974,3,FALSE)*D18/100 -> #N/A | H18: =F18/D18 -> 0.021798365 | I18: =VLOOKUP(B18,'R.H.'!A$3:C$3974,3,FALSE)/100 -> #N/A | J18: 0.5 | K18: =E18/J18 -> #N/A | L18: 670 | N18: =K18/L18 -> #N/A | O18: =K18/(L18-M18) -> #N/A
A19: 15 | B19: 77 | C19: =IF(ISBLANK(B19),"",VLOOKUP(B19,SÜRELER!$A:$B,2,FALSE)) -> #N/A | D19: 282 | E19: =IF(ISBLANK($B19),"0",VLOOKUP($B19,SÜRELER!$A:$C,3,FALSE))*(D19-F19) -> #N/A | F19: 10 | G19: =VLOOKUP(B19,'R.H.'!A$3:C$3974,3,FALSE)*D19/100 -> #N/A | H19: =F19/D19 -> 0.035460993 | I19: =VLOOKUP(B19,'R.H.'!A$3:C$3974,3,FALSE)/100 -> #N/A | J19: 0.5 | K19: =E19/J19 -> #N/A | L19: 340 | N19: =K19/L19 -> #N/A | O19: =K19/(L19-M19) -> #N/A
A20: 16 | B20: 78 | C20: =IF(ISBLANK(B20),"",VLOOKUP(B20,SÜRELER!$A:$B,2,FALSE)) -> #N/A | D20: 282 | E20: =IF(ISBLANK($B20),"0",VLOOKUP($B20,SÜRELER!$A:$C,3,FALSE))*(D20-F20) -> #N/A | F20: 10 | G20: =VLOOKUP(B20,'R.H.'!A$3:C$3974,3,FALSE)*D20/100 -> #N/A | H20: =F20/D20 -> 0.035460993 | I20: =VLOOKUP(B20,'R.H.'!A$3:C$3974,3,FALSE)/100 -> #N/A | J20: 0.5 | K20: =E20/J20 -> #N/A | L20: 340 | N20: =K20/L20 -> #N/A | O20: =K20/(L20-M20) -> #N/A
A21: 17 | B21: 1481 | C21: =IF(ISBLANK(B21),"",VLOOKUP(B21,SÜRELER!$A:$B,2,FALSE)) -> #N/A | D21: 423 | E21: =IF(ISBLANK($B21),"0",VLOOKUP($B21,SÜRELER!$A:$C,3,FALSE))*(D21-F21) -> #N/A | F21: 4 | G21: =VLOOKUP(B21,'R.H.'!A$3:C$3974,3,FALSE)*D21/100 -> #N/A | H21: =F21/D21 -> 0.0094562648 | I21: =VLOOKUP(B21,'R.H.'!A$3:C$3974,3,FALSE)/100 -> #N/A | J21: 0.5 | K21: =E21/J21 -> #N/A | L21: 340 | N21: =K21/L21 -> #N/A | O21: =K21/(L21-M21) -> #N/A
A22: 18 | B22: 1482 | C22: =IF(ISBLANK(B22),"",VLOOKUP(B22,SÜRELER!$A:$B,2,FALSE)) -> #N/A | D22: 423 | E22: =IF(ISBLANK($B22),"0",VLOOKUP($B22,SÜRELER!$A:$C,3,FALSE))*(D22-F22) -> #N/A | F22: 4 | G22: =VLOOKUP(B22,'R.H.'!A$3:C$3974,3,FALSE)*D22/100 -> #N/A | H22: =F22/D22 -> 0.0094562648 | I22: =VLOOKUP(B22,'R.H.'!A$3:C$3974,3,FALSE)/100 -> #N/A | J22: 0.5 | K22: =E22/J22 -> #N/A | L22: 340 | N22: =K22/L22 -> #N/A | O22: =K22/(L22-M22) -> #N/A
A23: 19 | B23: 1463 | C23: =IF(ISBLANK(B23),"",VLOOKUP(B23,SÜRELER!$A:$B,2,FALSE)) -> #N/A | D23: 325 | E23: =IF(ISBLANK($B23),"0",VLOOKUP($B23,SÜRELER!$A:$C,3,FALSE))*(D23-F23) -> #N/A | F23: 6 | G23: =VLOOKUP(B23,'R.H.'!A$3:C$3974,3,FALSE)*D23/100 -> #N/A | H23: =F23/D23 -> 0.018461538 | I23: =VLOOKUP(B23,'R.H.'!A$3:C$3974,3,FALSE)/100 -> #N/A | J23: 0.5 | K23: =E23/J23 -> #N/A | L23: 490 | N23: =K23/L23 -> #N/A | O23: =K23/(L23-M23) -> #N/A
A24: 20 | B24: 1464 | C24: =IF(ISBLANK(B24),"",VLOOKUP(B24,SÜRELER!$A:$B,2,FALSE)) -> #N/A | D24: 325 | E24: =IF(ISBLANK($B24),"0",VLOOKUP($B24,SÜRELER!$A:$C,3,FALSE))*(D24-F24) -> #N/A | F24: 6 | G24: =VLOOKUP(B24,'R.H.'!A$3:C$3974,3,FALSE)*D24/100 -> #N/A | H24: =F24/D24 -> 0.018461538 | I24: =VLOOKUP(B24,'R.H.'!A$3:C$3974,3,FALSE)/100 -> #N/A | J24: 0.5 | K24: =E24/J24 -> #N/A | L24: 490 | N24: =K24/L24 -> #N/A | O24: =K24/(L24-M24) -> #N/A
A25: 21 | B25: 845 | C25: =IF(ISBLANK(B25),"",VLOOKUP(B25,SÜRELER!$A:$B,2,FALSE)) -> #N/A | D25: =822+576 -> 1398 | E25: =IF(ISBLANK($B25),"0",VLOOKUP($B25,SÜRELER!$A:$C,3,FALSE))*(D25-F25) -> #N/A | F25: 6 | G25: =VLOOKUP(B25,'R.H.'!A$3:C$3974,3,FALSE)*D25/100 -> #N/A | H25: =F25/D25 -> 0.0042918455 | I25: =VLOOKUP(B25,'R.H.'!A$3:C$3974,3,FALSE)/100 -> #N/A | J25: 1 | K25: =E25/J25 -> #N/A | L25: 870 | N25: =K25/L25 -> #N/A | O25: =K25/(L25-M25) -> #N/A
A26: 22 | B26: 2179 | C26: =IF(ISBLANK(B26),"",VLOOKUP(B26,SÜRELER!$A:$B,2,FALSE)) -> #N/A | D26: =472+356 -> 828 | E26: =IF(ISBLANK($B26),"0",VLOOKUP($B26,SÜRELER!$A:$C,3,FALSE))*(D26-F26) -> #N/A | F26: 12 | G26: =VLOOKUP(B26,'R.H.'!A$3:C$3974,3,FALSE)*D26/100 -> #N/A | H26: =F26/D26 -> 0.014492754 | I26: =VLOOKUP(B26,'R.H.'!A$3:C$3974,3,FALSE)/100 -> #N/A | J26: 0.5 | K26: =E26/J26 -> #N/A | L26: 830 | N26: =K26/L26 -> #N/A | O26: =K26/(L26-M26) -> #N/A
A27: 23 | B27: 2180 | C27: =IF(ISBLANK(B27),"",VLOOKUP(B27,SÜRELER!$A:$B,2,FALSE)) -> #N/A | D27: 828 | E27: =IF(ISBLANK($B27),"0",VLOOKUP($B27,SÜRELER!$A:$C,3,FALSE))*(D27-F27) -> #N/A | F27: 12 | G27: =VLOOKUP(B27,'R.H.'!A$3:C$3974,3,FALSE)*D27/100 -> #N/A | H27: =F27/D27 -> 0.014492754 | I27: =VLOOKUP(B27,'R.H.'!A$3:C$3974,3,FALSE)/100 -> #N/A | J27: 0.5 | K27: =E27/J27 -> #N/A | L27: 830 | N27: =K27/L27 -> #N/A | O27: =K27/(L27-M27) -> #N/A
A28: 24 | C28: =IF(ISBLANK(B28),"",VLOOKUP(B28,SÜRELER!$A:$B,2,FALSE)) | E28: =IF(ISBLANK($B28),"0",VLOOKUP($B28,SÜRELER!$A:$C,3,FALSE))*(D28-F28) -> 0 | F28: 10 | G28: =VLOOKUP(B28,'R.H.'!A$3:C$3974,3,FALSE)*D28/100 -> #N/A | H28: =F28/D28 -> #DIV/0! | I28: =VLOOKUP(B28,'R.H.'!A$3:C$3974,3,FALSE)/100 -> #N/A | K28: =E28/J28 -> #DIV/0! | N28: =K28/L28 -> #DIV/0! | O28: =K28/(L28-M28) -> #DIV/0!
A29: 25 | C29: =IF(ISBLANK(B29),"",VLOOKUP(B29,SÜRELER!$A:$B,2,FALSE)) | E29: =IF(ISBLANK($B29),"0",VLOOKUP($B29,SÜRELER!$A:$C,3,FALSE))*(D29-F29) -> 0 | F29: 8 | G29: =VLOOKUP(B29,'R.H.'!A$3:C$3974,3,FALSE)*D29/100 -> #N/A | H29: =F29/D29 -> #DIV/0! | I29: =VLOOKUP(B29,'R.H.'!A$3:C$3974,3,FALSE)/100 -> #N/A | K29: =E29/J29 -> #DIV/0! | N29: =K29/L29 -> #DIV/0! | O29: =K29/(L29-M29) -> #DIV/0!
A30: 26 | C30: =IF(ISBLANK(B30),"",VLOOKUP(B30,SÜRELER!$A:$B,2,FALSE)) | E30: =IF(ISBLANK($B30),"0",VLOOKUP($B30,SÜRELER!$A:$C,3,FALSE))*(D30-F30) -> 0 | F30: 8 | G30: =VLOOKUP(B30,'R.H.'!A$3:C$3974,3,FALSE)*D30/100 -> #N/A | H30: =F30/D30 -> #DIV/0! | I30: =VLOOKUP(B30,'R.H.'!A$3:C$3974,3,FALSE)/100 -> #N/A | K30: =E30/J30 -> #DIV/0! | N30: =K30/L30 -> #DIV/0! | O30: =K30/(L30-M30) -> #DIV/0!
A31: 27 | C31: =IF(ISBLANK(B31),"",VLOOKUP(B31,SÜRELER!$A:$B,2,FALSE)) | E31: =IF(ISBLANK($B31),"0",VLOOKUP($B31,SÜRELER!$A:$C,3,FALSE))*(D31-F31) -> 0 | F31: 0 | G31: =VLOOKUP(B31,'R.H.'!A$3:C$3974,3,FALSE)*D31/100 -> #N/A | H31: =F31/D31 -> #DIV/0! | I31: =VLOOKUP(B31,'R.H.'!A$3:C$3974,3,FALSE)/100 -> #N/A | K31: =E31/J31 -> #DIV/0! | N31: =K31/L31 -> #DIV/0! | O31: =K31/(L31-M31) -> #DIV/0!
A32: 28 | C32: =IF(ISBLANK(B32),"",VLOOKUP(B32,SÜRELER!$A:$B,2,FALSE)) | E32: =IF(ISBLANK($B32),"0",VLOOKUP($B32,SÜRELER!$A:$C,3,FALSE))*(D32-F32) -> 0 | F32: 0 | G32: =VLOOKUP(B32,'R.H.'!A$3:C$3974,3,FALSE)*D32/100 -> #N/A | H32: =F32/D32 -> #DIV/0! | I32: =VLOOKUP(B32,'R.H.'!A$3:C$3974,3,FALSE)/100 -> #N/A | K32: =E32/J32 -> #DIV/0! | N32: =K32/L32 -> #DIV/0! | O32: =K32/(L32-M32) -> #DIV/0!
A33: 29 | C33: =IF(ISBLANK(B33),"",VLOOKUP(B33,SÜRELER!$A:$B,2,FALSE)) | E33: =IF(ISBLANK($B33),"0",VLOOKUP($B33,SÜRELER!$A:$C,3,FALSE))*(D33-F33) -> 0 | F33: 0 | G33: =VLOOKUP(B33,'R.H.'!A$3:C$3974,3,FALSE)*D33/100 -> #N/A | H33: =F33/D33 -> #DIV/0! | I33: =VLOOKUP(B33,'R.H.'!A$3:C$3974,3,FALSE)/100 -> #N/A | K33: =E33/J33 -> #DIV/0! | N33: =K33/L33 -> #DIV/0! | O33: =K33/(L33-M33) -> #DIV/0!
A34: 30 | C34: =IF(ISBLANK(B34),"",VLOOKUP(B34,SÜRELER!$A:$B,2,FALSE)) | E34: =IF(ISBLANK($B34),"0",VLOOKUP($B34,SÜRELER!$A:$C,3,FALSE))*(D34-F34) -> 0 | F34: 3 | G34: =VLOOKUP(B34,'R.H.'!A$3:C$3974,3,FALSE)*D34/100 -> #N/A | H34: =F34/D34 -> #DIV/0! | I34: =VLOOKUP(B34,'R.H.'!A$3:C$3974,3,FALSE)/100 -> #N/A | K34: =E34/J34 -> #DIV/0! | N34: =K34/L34 -> #DIV/0! | O34: =K34/(L34-M34) -> #DIV/0!
A35: 31 | C35: =IF(ISBLANK(B35),"",VLOOKUP(B35,SÜRELER!$A:$B,2,FALSE)) | E35: =IF(ISBLANK($B35),"0",VLOOKUP($B35,SÜRELER!$A:$C,3,FALSE))*(D35-F35) -> 0 | F35: 3 | G35: =VLOOKUP(B35,'R.H.'!A$3:C$3974,3,FALSE)*D35/100 -> #N/A | H35: =F35/D35 -> #DIV/0! | I35: =VLOOKUP(B35,'R.H.'!A$3:C$3974,3,FALSE)/100 -> #N/A | K35: =E35/J35 -> #DIV/0! | N35: =K35/L35 -> #DIV/0! | O35: =K35/(L35-M35) -> #DIV/0!
A36: 32 | C36: =IF(ISBLANK(B36),"",VLOOKUP(B36,SÜRELER!$A:$B,2,FALSE)) | E36: =IF(ISBLANK($B36),"0",VLOOKUP($B36,SÜRELER!$A:$C,3,FALSE))*(D36-F36) -> 0 | G36: =VLOOKUP(B36,'R.H.'!A$3:C$3974,3,FALSE)*D36/100 -> #N/A | H36: =F36/D36 -> #DIV/0! | I36: =VLOOKUP(B36,'R.H.'!A$3:C$3974,3,FALSE)/100 -> #N/A | K36: =E36/J36 -> #DIV/0! | N36: =K36/L36 -> #DIV/0! | O36: =K36/(L36-M36) -> #DIV/0!
A37: 33 | C37: =IF(ISBLANK(B37),"",VLOOKUP(B37,SÜRELER!$A:$B,2,FALSE)) | E37: =IF(ISBLANK($B37),"0",VLOOKUP($B37,SÜRELER!$A:$C,3,FALSE))*(D37-F37) -> 0 | G37: =VLOOKUP(B37,'R.H.'!A$3:C$3974,3,FALSE)*D37/100 -> #N/A | H37: =F37/D37 -> #DIV/0! | I37: =VLOOKUP(B37,'R.H.'!A$3:C$3974,3,FALSE)/100 -> #N/A | K37: =E37/J37 -> #DIV/0! | N37: =K37/L37 -> #DIV/0! | O37: =K37/(L37-M37) -> #DIV/0!
A38: 34 | C38: =IF(ISBLANK(B38),"",VLOOKUP(B38,SÜRELER!$A:$B,2,FALSE)) | E38: =IF(ISBLANK($B38),"0",VLOOKUP($B38,SÜRELER!$A:$C,3,FALSE))*(D38-F38) -> 0 | G38: =VLOOKUP(B38,'R.H.'!A$3:C$3974,3,FALSE)*D38/100 -> #N/A | H38: =F38/D38 -> #DIV/0! | I38: =VLOOKUP(B38,'R.H.'!A$3:C$3974,3,FALSE)/100 -> #N/A | K38: =E38/J38 -> #DIV/0! | N38: =K38/L38 -> #DIV/0! | O38: =K38/(L38-M38) -> #DIV/0!
A39: 35 | C39: =IF(ISBLANK(B39),"",VLOOKUP(B39,SÜRELER!$A:$B,2,FALSE)) | E39: =IF(ISBLANK($B39),"0",VLOOKUP($B39,SÜRELER!$A:$C,3,FALSE))*(D39-F39) -> 0 | G39: =VLOOKUP(B39,'R.H.'!A$3:C$3974,3,FALSE)*D39/100 -> #N/A | H39: =F39/D39 -> #DIV/0! | I39: =VLOOKUP(B39,'R.H.'!A$3:C$3974,3,FALSE)/100 -> #N/A | K39: =E39/J39 -> #DIV/0! | N39: =K39/L39 -> #DIV/0! | O39: =K39/(L39-M39) -> #DIV/0!
A40: 36 | C40: =IF(ISBLANK(B40),"",VLOOKUP(B40,SÜRELER!$A:$B,2,FALSE)) | E40: =IF(ISBLANK($B40),"0",VLOOKUP($B40,SÜRELER!$A:$C,3,FALSE))*(D40-F40) -> 0 | G40: =VLOOKUP(B40,'R.H.'!A$3:C$3974,3,FALSE)*D40/100 -> #N/A | H40: =F40/D40 -> #DIV/0! | I40: =VLOOKUP(B40,'R.H.'!A$3:C$3974,3,FALSE)/100 -> #N/A | K40: =E40/J40 -> #DIV/0! | N40: =K40/L40 -> #DIV/0! | O40: =K40/(L40-M40) -> #DIV/0!
A41: 37 | C41: =IF(ISBLANK(B41),"",VLOOKUP(B41,SÜRELER!$A:$B,2,FALSE)) | E41: =IF(ISBLANK($B41),"0",VLOOKUP($B41,SÜRELER!$A:$C,3,FALSE))*(D41-F41) -> 0 | G41: =VLOOKUP(B41,'R.H.'!A$3:C$3974,3,FALSE)*D41/100 -> #N/A | H41: =F41/D41 -> #DIV/0! | I41: =VLOOKUP(B41,'R.H.'!A$3:C$3974,3,FALSE)/100 -> #N/A | K41: =E41/J41 -> #DIV/0! | N41: =K41/L41 -> #DIV/0! | O41: =K41/(L41-M41) -> #DIV/0!
A42: 38 | C42: =IF(ISBLANK(B42),"",VLOOKUP(B42,SÜRELER!$A:$B,2,FALSE)) | E42: =IF(ISBLANK($B42),"0",VLOOKUP($B42,SÜRELER!$A:$C,3,FALSE))*(D42-F42) -> 0 | G42: =VLOOKUP(B42,'R.H.'!A$3:C$3974,3,FALSE)*D42/100 -> #N/A | H42: =F42/D42 -> #DIV/0! | I42: =VLOOKUP(B42,'R.H.'!A$3:C$3974,3,FALSE)/100 -> #N/A | K42: =E42/J42 -> #DIV/0! | N42: =K42/L42 -> #DIV/0! | O42: =K42/(L42-M42) -> #DIV/0!
A43: 39 | C43: =IF(ISBLANK(B43),"",VLOOKUP(B43,SÜRELER!$A:$B,2,FALSE)) | E43: =IF(ISBLANK($B43),"0",VLOOKUP($B43,SÜRELER!$A:$C,3,FALSE))*(D43-F43) -> 0 | G43: =VLOOKUP(B43,'R.H.'!A$3:C$3974,3,FALSE)*D43/100 -> #N/A | H43: =F43/D43 -> #DIV/0! | I43: =VLOOKUP(B43,'R.H.'!A$3:C$3974,3,FALSE)/100 -> #N/A | K43: =E43/J43 -> #DIV/0! | N43: =K43/L43 -> #DIV/0! | O43: =K43/(L43-M43) -> #DIV/0!
A44: 40 | C44: =IF(ISBLANK(B44),"",VLOOKUP(B44,SÜRELER!$A:$B,2,FALSE)) | E44: =IF(ISBLANK($B44),"0",VLOOKUP($B44,SÜRELER!$A:$C,3,FALSE))*(D44-F44) -> 0 | G44: =VLOOKUP(B44,'R.H.'!A$3:C$3974,3,FALSE)*D44/100 -> #N/A | H44: =F44/D44 -> #DIV/0! | I44: =VLOOKUP(B44,'R.H.'!A$3:C$3974,3,FALSE)/100 -> #N/A | K44: =E44/J44 -> #DIV/0! | N44: =K44/L44 -> #DIV/0! | O44: =K44/(L44-M44) -> #DIV/0!
D45: =SUM(D5:D44) -> 16027 | E45: =SUM(E5:E44) -> #N/A | F45: =SUM(F5:F44) -> 252 | L45: =SUM(L5:L44) -> 20308 | M45: =SUM(M5:M44) -> 0
D46: % | E46: =F45/D45*100 -> 1.5723467
C49: Eleman Sayısı : | D49: 4
C50: Vardiyadaki Personel Sayısı : | D50: 20
C51: Tplm K. Kapasite : | D51: =(IF(A2="Cuma",D49*470,D49*520))+(D50*430) -> 10680
C52: Dış Bölüm/Görev :
C53: Duruş (Arıza, Mlz.Bekl,Set-up…) : | D53: 150
C54: Eğitim / İdari :
C55: Tedarikçi kaynaklı kayıp :
C56: Deneme :
C57: İş Tekrarı :
C58: Gerçek Kapasite : | D58: =D51-SUM(D52:E57) -> 10530
C59: DURUŞLARIN TOPLAMI | D59: =SUM(D52:D56) -> 150
D62: PLAN | E62: GERÇEKLEŞEN | F62: FİRE | G62: FİRE ORANI | H62: DURUŞ | I62: %
D63: =E63/I63 -> #N/A | E63: =D45 -> 16027 | F63: =F45 -> 252 | G63: =(F63*1000000)/E63 -> 15723.467 | H63: =D59 -> 150 | I63: =N1 -> #N/A

Sheet 10
A1: ='9'!A1+1 -> 46213 | H1: Genel Verimlilik | N1: =E45/D51 -> #N/A | P1: ANA SAYFA
A2: =TEXT(A1,"gggg") -> Cuma
C3: TOPLAM ÜRETİM | D3: =D45 -> 29675
A4: S.No | B4: P. Kod | C4: Ürün Tanımı | D4: Ürt. Adt | E4: Std. Süre Dk | G4: SAP Rjm Fire Adt | H4: Fire % | I4: SAP Std Fire % | K4: Std T.Süresi (Dk) | L4: Gerçekleşen Toplam Süre | M4: Kayıp Zamanlar Toplamı | N4: Ürün Performansı | O4: İşçilik Performansı | P4: Açıklama
A5: 1 | B5: 102 | C5: =IF(ISBLANK(B5),"",VLOOKUP(B5,SÜRELER!$A:$B,2,FALSE)) -> #N/A | D5: 5 | E5: =IF(ISBLANK($B5),"0",VLOOKUP($B5,SÜRELER!$A:$C,3,FALSE))*(D5-F5) -> #N/A | F5: 5 | G5: =VLOOKUP(B5,'R.H.'!A$3:C$3974,3,FALSE)*D5/100 -> #N/A | H5: =F5/D5 -> 1 | I5: =VLOOKUP(B5,'R.H.'!A$3:C$3974,3,FALSE)/100 -> #N/A | J5: 1 | K5: =E5/J5 -> #N/A | L5: 60 | N5: =K5/L5 -> #N/A | O5: =K5/(L5-M5) -> #N/A | P5: H625 KROM BEZEL VALFGEYT ARZASI
A6: 2 | B6: 835 | C6: =IF(ISBLANK(B6),"",VLOOKUP(B6,SÜRELER!$A:$B,2,FALSE)) -> #N/A | D6: 440 | E6: =IF(ISBLANK($B6),"0",VLOOKUP($B6,SÜRELER!$A:$C,3,FALSE))*(D6-F6) -> #N/A | F6: 0 | G6: =VLOOKUP(B6,'R.H.'!A$3:C$3974,3,FALSE)*D6/100 -> #N/A | H6: =F6/D6 -> 0 | I6: =VLOOKUP(B6,'R.H.'!A$3:C$3974,3,FALSE)/100 -> #N/A | J6: 0.5 | K6: =E6/J6 -> #N/A | L6: 670 | N6: =K6/L6 -> #N/A | O6: =K6/(L6-M6) -> #N/A
A7: 3 | B7: 1360 | C7: =IF(ISBLANK(B7),"",VLOOKUP(B7,SÜRELER!$A:$B,2,FALSE)) -> #N/A | D7: =843+749 -> 1592 | E7: =IF(ISBLANK($B7),"0",VLOOKUP($B7,SÜRELER!$A:$C,3,FALSE))*(D7-F7) -> #N/A | F7: 7 | G7: =VLOOKUP(B7,'R.H.'!A$3:C$3974,3,FALSE)*D7/100 -> #N/A | H7: =F7/D7 -> 0.0043969849 | I7: =VLOOKUP(B7,'R.H.'!A$3:C$3974,3,FALSE)/100 -> #N/A | J7: 0.5 | K7: =E7/J7 -> #N/A | L7: 1595 | N7: =K7/L7 -> #N/A | O7: =K7/(L7-M7) -> #N/A | P7: 2 KİŞİ BOBİN ÇAPAK ALMA
A8: 4 | B8: 1361 | C8: =IF(ISBLANK(B8),"",VLOOKUP(B8,SÜRELER!$A:$B,2,FALSE)) -> #N/A | D8: 1592 | E8: =IF(ISBLANK($B8),"0",VLOOKUP($B8,SÜRELER!$A:$C,3,FALSE))*(D8-F8) -> #N/A | F8: 7 | G8: =VLOOKUP(B8,'R.H.'!A$3:C$3974,3,FALSE)*D8/100 -> #N/A | H8: =F8/D8 -> 0.0043969849 | I8: =VLOOKUP(B8,'R.H.'!A$3:C$3974,3,FALSE)/100 -> #N/A | J8: 0.5 | K8: =E8/J8 -> #N/A | L8: 1595 | N8: =K8/L8 -> #N/A | O8: =K8/(L8-M8) -> #N/A
A9: 5 | B9: 2070 | C9: =IF(ISBLANK(B9),"",VLOOKUP(B9,SÜRELER!$A:$B,2,FALSE)) -> #N/A | D9: =1044+378 -> 1422 | E9: =IF(ISBLANK($B9),"0",VLOOKUP($B9,SÜRELER!$A:$C,3,FALSE))*(D9-F9) -> #N/A | F9: 2 | G9: =VLOOKUP(B9,'R.H.'!A$3:C$3974,3,FALSE)*D9/100 -> #N/A | H9: =F9/D9 -> 0.0014064698 | I9: =VLOOKUP(B9,'R.H.'!A$3:C$3974,3,FALSE)/100 -> #N/A | J9: 0.5 | K9: =E9/J9 -> #N/A | L9: 1310 | N9: =K9/L9 -> #N/A | O9: =K9/(L9-M9) -> #N/A
A10: 6 | B10: 2071 | C10: =IF(ISBLANK(B10),"",VLOOKUP(B10,SÜRELER!$A:$B,2,FALSE)) -> #N/A | D10: 1422 | E10: =IF(ISBLANK($B10),"0",VLOOKUP($B10,SÜRELER!$A:$C,3,FALSE))*(D10-F10) -> #N/A | F10: 2 | G10: =VLOOKUP(B10,'R.H.'!A$3:C$3974,3,FALSE)*D10/100 -> #N/A | H10: =F10/D10 -> 0.0014064698 | I10: =VLOOKUP(B10,'R.H.'!A$3:C$3974,3,FALSE)/100 -> #N/A | J10: 0.5 | K10: =E10/J10 -> #N/A | L10: 1310 | N10: =K10/L10 -> #N/A | O10: =K10/(L10-M10) -> #N/A
A11: 7 | B11: 1277 | C11: =IF(ISBLANK(B11),"",VLOOKUP(B11,SÜRELER!$A:$B,2,FALSE)) -> #N/A | D11: =260+223 -> 483 | E11: =IF(ISBLANK($B11),"0",VLOOKUP($B11,SÜRELER!$A:$C,3,FALSE))*(D11-F11) -> #N/A | F11: 20 | G11: =VLOOKUP(B11,'R.H.'!A$3:C$3974,3,FALSE)*D11/100 -> #N/A | H11: =F11/D11 -> 0.041407867 | I11: =VLOOKUP(B11,'R.H.'!A$3:C$3974,3,FALSE)/100 -> #N/A | J11: 0.5 | K11: =E11/J11 -> #N/A | L11: 475 | N11: =K11/L11 -> #N/A | O11: =K11/(L11-M11) -> #N/A
A12: 8 | B12: 1278 | C12: =IF(ISBLANK(B12),"",VLOOKUP(B12,SÜRELER!$A:$B,2,FALSE)) -> #N/A | D12: 483 | E12: =IF(ISBLANK($B12),"0",VLOOKUP($B12,SÜRELER!$A:$C,3,FALSE))*(D12-F12) -> #N/A | F12: 20 | G12: =VLOOKUP(B12,'R.H.'!A$3:C$3974,3,FALSE)*D12/100 -> #N/A | H12: =F12/D12 -> 0.041407867 | I12: =VLOOKUP(B12,'R.H.'!A$3:C$3974,3,FALSE)/100 -> #N/A | J12: 0.5 | K12: =E12/J12 -> #N/A | L12: 630 | N12: =K12/L12 -> #N/A | O12: =K12/(L12-M12) -> #N/A
A13: 9 | B13: 1481 | C13: =IF(ISBLANK(B13),"",VLOOKUP(B13,SÜRELER!$A:$B,2,FALSE)) -> #N/A | D13: =652+712 -> 1364 | E13: =IF(ISBLANK($B13),"0",VLOOKUP($B13,SÜRELER!$A:$C,3,FALSE))*(D13-F13) -> #N/A | F13: 3 | G13: =VLOOKUP(B13,'R.H.'!A$3:C$3974,3,FALSE)*D13/100 -> #N/A | H13: =F13/D13 -> 0.0021994135 | I13: =VLOOKUP(B13,'R.H.'!A$3:C$3974,3,FALSE)/100 -> #N/A | J13: 0.5 | K13: =E13/J13 -> #N/A | L13: 1095 | N13: =K13/L13 -> #N/A | O13: =K13/(L13-M13) -> #N/A
A14: 10 | B14: 1482 | C14: =IF(ISBLANK(B14),"",VLOOKUP(B14,SÜRELER!$A:$B,2,FALSE)) -> #N/A | D14: 1364 | E14: =IF(ISBLANK($B14),"0",VLOOKUP($B14,SÜRELER!$A:$C,3,FALSE))*(D14-F14) -> #N/A | F14: 3 | G14: =VLOOKUP(B14,'R.H.'!A$3:C$3974,3,FALSE)*D14/100 -> #N/A | H14: =F14/D14 -> 0.0021994135 | I14: =VLOOKUP(B14,'R.H.'!A$3:C$3974,3,FALSE)/100 -> #N/A | J14: 0.5 | K14: =E14/J14 -> #N/A | L14: 1095 | N14: =K14/L14 -> #N/A | O14: =K14/(L14-M14) -> #N/A
A15: 11 | B15: 1339 | C15: =IF(ISBLANK(B15),"",VLOOKUP(B15,SÜRELER!$A:$B,2,FALSE)) -> #N/A | D15: =364+369 -> 733 | E15: =IF(ISBLANK($B15),"0",VLOOKUP($B15,SÜRELER!$A:$C,3,FALSE))*(D15-F15) -> #N/A | F15: 0 | G15: =VLOOKUP(B15,'R.H.'!A$3:C$3974,3,FALSE)*D15/100 -> #N/A | H15: =F15/D15 -> 0 | I15: =VLOOKUP(B15,'R.H.'!A$3:C$3974,3,FALSE)/100 -> #N/A | J15: 0.5 | K15: =E15/J15 -> #N/A | L15: 1480 | N15: =K15/L15 -> #N/A | O15: =K15/(L15-M15) -> #N/A
